they will love;pokochają
you;cię
how;jak
son;syna
his;jego
mother;matka
she died;zmarła
when;kiedy
he had;miał
11;11
years;lat
they were;zostali
without;bez
father;ojca
parents;rodzice
him;go
beat;bili
is;jest
black;czarną
sheep;owcą
families;rodziny
They raised;wychowali
seven;siedmioro
adopted;adoptowanych
kids;dzieci
edgar;edgar
It was;był
baby;dzieckiem
when;kiedy
his;jego
father;ojciec
abandoned;porzucił
family;rodzinę
rarely;rzadko
seen;widywał
himself;się
that;ze
his;swoimi
parents;rodzicami
he had;miał
two;dwie
older;starsze
sisters;siostry
marriage;małżeństwo
was supposed to;miało
issues;problemy
from;od
early;początku
He knew;wiedziała
that;że
her;jej
place;miejsce
is;jest
at;przy
husband;mężu
their;ich
marriage;małżeństwo
withstand;wytrzymało
only;tylko
a few;kilka
years;lat
no;nie
he wanted;chciał
divorce;rozwieść
himself;się
with;z
wife;żoną
bake;pięć
years;lat
later;później
divorced;rozwiedli
himself;się
birth;urodziła
himself;się
in;w
the poor;biednej
country;wiejskiej
family;rodzinie
It has;ma
two;dwoje
kids;dzieci
with;z
first;pierwszego
marriages;małżeństwa
he had;miał
on;na
maintaining;utrzymaniu
seven;siedmioro
kids;dzieci
no;nie
He wanted;chciała
himself;się
divorce;rozwieść
couple;para
thick;grubo
settles;osiadała
on;na
shafts;szybach
every;każde
with;z
us;nas
went;poszło
on;na
up;górę
down;do
his;swojego
room;pokoju
image;obraz
hung;wisiał
above;nad
fireplace;kominkiem
chamber;izba
on;na
the bottom;dole
is;jest
lit.;oświetlona
in;w
small;niewielkiej
bleached;bielonej
chamber;izbie
I lived;zamieszkałem
together;razem
with;z
it;nim
in;w
windows;oknach
no;nie
it was;było
shaft;szyb
very;bardzo
heavy;ciężki
table;stół
polished;wypolerowany
through;przez
wear;zużycie
on;na
table;stole
is;leży
book;książka
door;drzwi
former;były
Open;otwarte
I looked;zajrzałem
through;przez
door;drzwi
down;do
large;dużego
room;pokoju
room;pokój
leaving;wychodził
on;na
yard;podwórze
my;moje
bed;łóżko
it was;było
sent;posłane
and;i
WITH A;przekryte
blanket;kocem
in;w
legs;nogach
bed;łóżka
steel;stał
my;mój
flat;płaski
trunk;kuferek
It was;był
this;to
beautiful;piękny
short;niski
massive;masywny
House;dom
with;z
stone;kamienia
in;w
room;pokoju
it was;było
dark;ciemno
door;drzwi
house;domu
former;były
Open;otwarte
so;więc
I walked;wszedłem
down;do
agent;środka
plaster;tynk
smashed;porozbijanych
houses;domów
It was;był
Gray;szary
and;i
wet;mokry
all;wszystkie
window;okna
former;były
closed;pozamykane
no;nie
It has;ma
forks;widelców
on;na
table;stole
constant;stały
lit;zapalone
candles;świece
all;wszystko
is;jest
on;na
his;swoim
place;miejscu
when;kiedy
himself;się
are performing;przeprowadzasz
They brought out;wyprowadzili
himself;się
hence;stąd
they brought;sprowadzili
himself;się
with;z
back;powrotem
They introduced;wprowadzili
himself;się
next to;obok
tomorrow;jutro
we have;musimy
himself;się
move out;wyprowadzić
lamp;lampa
hung;zwisała
with;z
ceiling;sufitu
blinds;rolety
former;były
raised;podniesione
they live;mieszkają
three;trzy
floors;piętra
above;nad
us;nami
table;stół
steel;stał
next door;tuż
at;przy
wall;ścianie
Shell we;możemy
rent;wynająć
House;dom
in;w
room;pokoju
It was;był
carpet;dywan
it was;było
this;to
awfully;strasznie
boring;nudne
every;każde
with;z
us;nas
went;poszło
on;na
up;górę
down;do
his;swojego
room;pokoju
He rested;oparł
hands;ręce
about;o
table;stół
He stood up;wstał
from;od
table;stołu
removed;zdjął
legs;nogi
that;ze
table;stołu
I went out;wyszedłem
on;na
street;ulicę
again;znowu
he looked;popatrzył
through;przez
window;okno
put;położył
to me;mi
hand;rękę
on;na
shoulder;ramieniu
brushed;strzepnął
gloves;rękawiczkami
about;o
edge;krawędź
bed;łóżka
removed;zdjął
gloves;rękawiczki
he;on
sit;siedzi
under;pod
wall;ścianą
with;z
bricks;cegieł
gone;poszedł
down;do
the kitchen;kuchni
slapped;klepnął
me;mnie
after;po
back;plecach
he wiped;otarł
hands;ręce
about;o
sweater;sweter
he wiped;otarł
mouth;usta
I have to;muszę
himself;się
wash;umyć
I have to;muszę
already;już
go;iść
anywhere;nigdzie
no;nie
I was;byłem
I looked;spojrzałem
on;na
my;mój
watch;zegarek
I sat;usiadłem
at;przy
table;stole
I sat;usiadłem
on;na
chair;krześle
I washed;umyłem
himself;się
combed;uczesałem
and;i
we went down;zeszliśmy
on;na
bottom;dół
I went out;wyszedłem
on;na
court;dwór
and;i
suddenly;nagle
I felt;poczułem
himself;się
lonely;samotny
I went;poszedłem
down;do
my;mojego
room;pokoju
in order to;żeby
himself;się
wash;umyć
we looked;popatrzyliśmy
on;na
each other;siebie
sat down;usiedliśmy
on;na
bench;ławce
and;i
I looked;przyjrzałem
himself;się
her;jej
sat down;usiedliśmy
on;na
flat;płaskiej
stone;kamiennej
bench;ławce
we were going;szliśmy
together;razem
through;przez
city;miasto
we passed;przeszliśmy
yet;jeszcze
piece;kawałek
and;i
we stood;stanęliśmy
under;pod
tree;drzewem
we go;pójdziemy
on;na
walk;spacer
and;i
we'll talk;pogadamy
go;idziemy
down;do
house;domu
wiping;wycierając
himself;się
towel;ręcznikiem
I've searched;rozglądałem
himself;się
after;po
room;pokoju
her;jej
favorite;ulubioną
activity;czynnością
is;jest
Housekeeping;sprzątanie
looked through;przeglądała
himself;się
in;w
the mirror;lustrze
removed;zdjęła
blankets;koce
with;z
bed;łóżka
carried away;wyniesiono
furniture;meble
with;z
room;pokoju
buried;pochowano
him;go
in;w
crypt;krypcie
under;pod
church;kościołem
I kept;trzymałem
himself;się
with;z
away;dala
from;od
cemetery;cmentarza
sat;siedziałem
on;na
this;tym
headstone;nagrobku
and;i
I looked;patrzyłem
on;na
sea;morze
dead;nieżywych
laid;układano
on;na
side;boku
memory;pamięć
about;o
it;nim
lives;żyje
still;nadal
she stayed;została
buried;pochowana
in;w
Nearby;pobliżu
his;swojego
house;domu
was;była
near;blisko
dying;śmierci
want;chcę
commit;popełnić
suicide;samobójstwo
but;ale
no;nie
I know;wiem
how;jak
two;dwie
minutes;minuty
silence;ciszy
for;dla
victims;ofiar
disaster;katastrofy
in;w
hillsborough;hillsborough
she died;zmarła
in;we
Tuesday;wtorek
in;w
century;wieku
88;88
years;lat
rachel;rachel
she stayed;została
buried;pochowana
two;dwa
days;dni
later;później
thousands;tysiące
people;ludzi
gathered;zgromadziły
himself;się
on;na
his;jego
funeral;pogrzebie
his;jego
death;śmierć
shocked;zszokowała
fans;fanów
thousands;tysiące
people;ludzi
future;przyszły
on;na
her;jej
funeral;pogrzeb
He died;zmarł
in;w
young;młodym
century;wieku
speaking;przemawiał
on;na
funeral;pogrzebie
He died;zmarł
in;w
century;wieku
seventy;siedemdziesięciu
five;pięciu
years;lat
she died;zmarła
many;wiele
years;lat
ago;temu
He died;zmarł
on;na
cancer;raka
spit;płuc
received;odebrała
himself;sobie
life;życie
she died;zmarła
in;w
result;wyniku
overdose;przedawkowania
drugs;narkotyków
no;nie
will;będzie
he had;miał
funeral;pogrzebu
of state;państwowego
Polish people;polacy
give;oddają
tribute;hołd
President;prezydentowi
Lech;lechowi
Kaczynski;kaczyńskiemu
never;nigdy
you;cię
no;nie
I will forget;zapomnę
funeral;pogrzeb
It was;był
magnificent;wspaniały
she;ona
is;jest
in;w
mourning;żałobie
I am;jestem
behind;za
young;młoda
in order to;żeby
die;umrzeć
no;nie
I can;mogę
die;umrzeć
his;jego
death;śmierć
this;to
huge;wielka
loss;strata
recently;niedawno
died;umarł
President;prezydent
announced;ogłosił
three;trzy
days;dni
mourning;żałoby
national;narodowej
He died;zmarł
in;we
own;własnym
bed;łóżku
I;ja
will lead;poprowadzę
and;a
you;wy
himself;się
some;trochę
slumber;zdrzemniecie
I dozed off;zdrzemnąłem
himself;się
some;trochę
no;nie
need;potrzebuję
a lot;dużo
dream;snu
about;o
little;mało
no;nie
I fell asleep;zasnąłem
I heard;usłyszałem
snore;chrapanie
my;mojej
aunts;ciotki
yet;jeszcze
no;nie
put;położył
himself;się
down;do
bed;łóżka
no;nie
I can;potrafię
tell;powiedzieć
how;jak
long;długo
I slept;spałem
no;nie
I could;mogłem
fall asleep;zasnąć
put;położyła
your;swoje
child;dziecko
sleep;spać
she;ona
says;mówi
through;przez
dream;sen
I slept;spałem
further;dalej
despite;mimo
that;że
he called;dzwonił
alarm clock;budzik
no;nie
I'm sleeping;sypiam
well;dobrze
body;ciało
regenerates;regeneruje
himself;się
during;podczas
dream;snu
should;powinieneś
himself;się
some;trochę
sleep;przespać
no;nie
narrowed;zmrużył
eye;oka
I slept;przespałem
all;cały
day;dzień
I thought;myślałem
at first;zrazu
that;że
lair;leżę
in;we
own;własnym
bed;łóżku
lying;leżąc
in;w
bed;łóżku
mulling;rozmyślałem
about;o
many;wielu
things;rzeczach
I was;byłem
Yes;tak
sleepy;senny
that;że
eyes;oczy
to me;mi
himself;się
clung;kleiły
when;kiedy
he heard;usłyszał
me;mnie
in;w
room;pokoju
awake;przebudził
himself;się
and;i
sat;usiadł
we will;będziemy
hungry;głodni
how;jak
himself;się
we wake up;obudzimy
after;po
some;pewnym
time;czasie
I woke;zbudziłem
him;go
and;i
we moved;ruszyliśmy
in;w
way;drogę
I sleep;śpię
at;przy
open;otwartym
OK no;oknie
loud;głośno
snoring;chrapał
teacher;nauczyciel
explained;wyjaśnił
theory;teorię
point;punkt
after;po
point;punkcie
lowered;obniżono
him;mu
evaluation;ocenę
behind;za
mistakes;błędy
spelling;ortograficzne
I teach;uczę
himself;się
languages;języków
foreign;obcych
in;w
School;szkole
well;dobrze
her;jej
goes;idzie
She went;poszła
down;do
school;szkoły
is;jest
good;dobry
with;z
mathematics;matematyki
it comes;chodzi
on;na
courses;kursy
English;angielskiego
no;nie
he liked;lubił
classes;zajęć
how;jak
best;najlepiej
teach;uczyć
himself;się
new;nowego
language;języka
in;w
century;wieku
fifteen;piętnastu
years;lat
He graduated;ukończyła
School;szkołę
average;średnią
fast;szybko
He learned;nauczyła
himself;się
language;języka
French;francuskiego
He stopped;przestał
attend;uczęszczać
down;do
school;szkoły
when;kiedy
he had;miał
12;12
years;lat
no;nie
they want;chcą
go;chodzić
down;do
school;szkoły
maths;matematyka
is;jest
for;dla
him;niego
childishly;dziecinnie
straight;prosta
when;kiedy
I came back;wróciłem
that;ze
school;szkoły
let's go;chodzimy
down;do
this;tej
same;samej
school;szkoły
today;dzisiaj
no;nie
it was;było
lesson;lekcji
pass;zdać
exam;egzamin
with flying colors;śpiewająco
no;nie
want;chce
to me;mi
himself;się
to do;odrabiać
lesson;lekcji
in;w
School;szkole
was;była
excellent;świetną
schoolgirl;uczennicą
zmierzwiły;zmierzwiły
him;mu
himself;się
hair;włosy
his;jego
face;twarz
pożłobiły;pożłobiły
deep;głębokie
furrows;bruzdy
he had;miał
dark circles;podkrążone
eyes;oczy
presented;przedstawiał
deplorable;opłakany
view;widok
he had;miał
skinny;chudą
face;twarz
was;była
high;wysoka
how;jak
on;na
your;swój
age;wiek
It was;był
this;to
man;człowiek
50-year-old;50-letni
that;ze
thatch;strzechą
graying;siwiejących
hair;włosów
It was;był
stocky;krępy
and;i
still;wciąż
yet;jeszcze
very;bardzo
powerful;silny
he had;miał
Gray;siwe
hair;włosy
released;wydała
to me;mi
himself;się
very;bardzo
beauty;piękna
when;kiedy
she went;szła
to;ku
me;mnie
no;nie
released;wydała
to me;mi
himself;się
high;wysoka
she had;miała
thick;grube
full;pełne
lips;wargi
and;i
black;czarne
eyes;oczy
He looked;wyglądała
very;bardzo
nice / pretty;ładnie/ślicznie
she had;miała
blond;blond
hair;włosy
swarthy;smagłą
complexion;cerę
and;i
grey;szare
eyes;oczy
was;była
plump;pulchna
swarthy;smagła
and;i
He looked;wyglądała
on;na
about;około
sixteen;szesnaście
years;lat
major;major
It was;był
small;małym
little man;człowieczkiem
with;z
podkręcanymi;podkręcanymi
mustache;wąsami
woman;kobieta
It has;ma
pale;bladą
face;twarz
and;i
dark;ciemne
hair;włosy
no;nie
He wore;nosiła
makeup;makijażu
he had;miał
wrinkled;pomarszczoną
face;twarz
she changed;zmieniła
Colour;kolor
hair;włosów
he;on
wears;nosi
hair;włosy
combed;zaczesane
down;do
so many;tyłu
done;zrobił
himself;sobie
tattoo;tatuaż
everybody;wszyscy
they wore;nosili
beard;brodę
It was;był
cut;ostrzyżony
on;na
zero;zero
he started;zaczął
balding;łysieć
look;wyglądał
how;jak
aristocrat;arystokrata
how;jak
throw;rzucić
smoking;palenie
smoking;palenie
tobacco;tytoniu
harms;szkodzi
health;zdrowiu
smoking;palenie
tobacco;tytoniu
is;jest
the most common;najczęstszą
cause;przyczyną
diseases;chorób
spit;płuc
smokers;palacze
can;mogą
injure;szkodzić
health;zdrowiu
members;członków
families;rodziny
dangerous;niebezpieczne
is;jest
even;nawet
smoking;palenie
small;małej
number;liczby
cigarettes;papierosów
nicotine;nikotyna
is;jest
poison;trucizną
nicotine;nikotyna
this;to
main;główny
ingredient;składnik
cigarettes;papierosów
cigarettes;papierosy
menthol;mentolowe
can;mogą
be;być
more;bardziej
dangerous;niebezpieczne
not easy;niełatwo
throw;rzucić
smoking;palenie
on;na
always;zawsze
if;jeśli
you throw;rzucisz
smoking;palenie
probably;prawdopodobnie
you;będziesz
he lived;żył
longer;dłużej
more than;ponad
billion;miliard
people;ludzi
on;na
All;całym
world;świecie
pali;pali
cigarettes;papierosy
smoking;palenie
every;każdego
year;roku
kills;zabija
about;około
bake;pięć
millions;milionów
people;osób
smoking;palenie
increase;zwiększa
risk;ryzyko
diseases;choroby
Alzheimer's;alzheimera
smokers;palacze
harm;szkodzą
no;nie
only;tylko
himself;sobie
prohibition;zakaz
smoking;palenia
in;w
locations;miejscach
public;publicznych
smoky;zadymione
bars;bary
and;i
restaurants;restauracje
burns;wypala
box;paczkę
cigarettes;papierosów
daily;dziennie
alone;sam
himself;sobie
twists;skręca
cigarettes;papierosy
drunk;upił
himself;się
down;do
unconsciousness;nieprzytomności
poured;nalał
two;dwie
glasses;szklanki
and;i
losing;trąciliśmy
himself;się
I drank;wypiłem
cognac;koniak
and;i
I felt;poczułem
how;jak
me;mnie
heats;rozgrzewa
in;w
the middle;środku
I drank;wypiłem
wine;wino
but;ale
no;nie
I felt;poczułem
himself;się
better;lepiej
I turned my;nadstawiłem
glass;szklankę
in order to;żeby
to me;mi
yet;jeszcze
poured;nalał
cognac;koniaku
drank;piliśmy
rum;rum
in;w
very;bardzo
friendly;przyjaznym
mood;nastroju
never;nigdy
himself;się
no;nie
drunk;upijał
took out;wyjął
with;z
pantry;kredensu
little;małą
round;okrągłą
bottle;flaszkę
with;z
long;długą
neck;szyjką
he liked;lubił
glass;szklaneczkę
good;dobrego
a drink;trunku
powariowaliście;powariowaliście
whether;czy
maybe;może
liquor;trunek
hit;uderzył
you;wam
down;do
heads;głów
no;nie
I know;wiem
What;co
this;to
It was;był
behind;za
liquor;trunek
I plugged;zatkałem
ears;uszy
fingers;palcami
I closed;zamknąłem
eyes;oczy
it seems;wydaje
to me;mi
himself;się
that;że
someone;ktoś
eavesdropped;podsłuchiwał
behind;za
the door;drzwiami
I heard;słyszałem
every;każde
word;słowo
after;po
rain;deszczu
smelled;pachniało
in;w
stable;stajni
dry;sucho
and;i
pleasantly;przyjemnie
Thread;nic
no;nie
I noticed;zauważyłem
I felt;czułem
won;woń
hay;siana
was supposed to;miało
this;to
taste;smak
rusted;zardzewiałego
metal;metalu
we have;staliśmy
on;na
rain;deszczu
listening;przysłuchując
himself;się
ago;temu
when;kiedy
on;na
him;niego
I looked;patrzyłem
he opened;otworzył
eyes;oczy
no;nie
I see;widzę
on;na
one;jedno
eye;oko
no;nie
Shell we;możemy
this;tego
see;zobaczyć
I heard;słyszałem
how;jak
They entered;wchodzili
on;na
up;górę
I felt;czułem
won;woń
hay;siana
his;jego
patience;cierpliwość
is;jest
on;na
exhaustion;wyczerpaniu
You are;jesteś
to me;mi
guilty;winny
apology;przeprosiny
emotions;emocje
erupted;rozgorzały
she said;mówiła
that;że
hates;nienawidzi
life;życia
upset;zdenerwowałem
himself;się
she said;powiedziała
equal;równym
dry;suchym
voice;głosem
I measured the;zmierzyłem
him;go
sight;wzrokiem
girl;dziewczyna
He looked;spojrzała
on;na
me;mnie
severely;srogo
we;my
two;dwaj
we talked;rozmawialiśmy
meanwhile;tymczasem
rest;reszta
himself;się
arguing;kłóciła
on;na
my;mój
view;widok
frowned;spochmurniał
blood;krew
hit;uderzyła
to me;mi
down;do
temples;skroni
I felt;poczułem
hell;diabła
in;w
heart;sercu
no;nie
It has;ma
himself;się
what;czego
fear;bać
no;nie
I'm scared;boję
himself;się
you;ciebie
she;ona
awfully;strasznie
fears;boi
himself;się
spiders;pająków
no;nie
It has;ma
himself;się
what;czego
fear;bać
I lost;straciłem
certainty;pewność
each other;siebie
engulfed the;ogarnął
me;mnie
fear;strach
before;przed
darkness;ciemnością
at;przy
cemetery;cmentarnym
wall;murze
courage;odwaga
quite;całkiem
me;mnie
He left the;opuściła
heart;serce
pounded;waliło
to me;mi
very;bardzo
firmly;mocno
I failed;oblałem
himself;się
later;potem
chickened out;stchórzył
and;i
no;nie
gone;poszedł
froze;zamarł
with;z
terror;przerażenia
was;była
wreck;kłębkiem
nerve;nerwów
hair;włosy
They stood;stanęły
him;mu
rearing;dęba
fell;spadł
to me;mi
stone;kamień
with;z
hearts;serca
on;na
her;jej
facial;twarzy
can be seen;widać
it was;było
horror;przerażenie
shaking;drżała
that;ze
fear;strachu
hurt;zraniłem
her;jej
feelings;uczucia
I fell in love;zakochałem
himself;się
in;w
it;niej
very;bardzo
himself;się
love;kochali
remained;pozostał
love;miłością
her;jej
life;życia
we understood;rozumieliśmy
himself;się
perfectly;doskonale
very;bardzo
himself;się
were friends;przyjaźniliśmy
no;nie
they have;mają
down;do
us;nas
trust;zaufania
no;nie
like;lubimy
english;anglików
everybody;wszyscy
we hated;nienawidziliśmy
her;jej
father;ojca
very;bardzo
I;ją
we liked;lubiliśmy
was born;zrodziło
himself;się
between;między
us;nami
Children;dziecinne
feeling;uczucie
she felt;poczuła
down;do
him;niego
sympathy;sympatię
He tried;próbowała
set;nastawić
me;mnie
against;przeciwko
not him;niemu
there;doszło
between;między
them;nimi
down;do
acute;ostrej
exchange;wymiany
sentences;zdań
hate;nienawidzą
himself;się
threw;rzucił
to me;mi
look;spojrzenie
full;pełne
hatred;nienawiści
our;nasi
enemies;wrogowie
no;nie
sleep;śpią
poe;poe
suffered;cierpiał
on;na
depression;depresję
ill;zachorowała
on;na
flu;grypę
virus;wirus
rarely;rzadko
moves;przenosi
himself;się
with;z
human;człowieka
on;na
human;człowieka
vaccine;szczepionka
on;na
Birds;ptasią
flu;grypę
is;jest
secure;bezpieczna
virus;wirus
moves;przenosi
himself;się
way;drogą
droplet;kropelkową
flu;grypa
causes;powoduje
ache;ból
muscles;mięśni
flu;grypa
maybe;może
kill;zabijać
system;układ
immunological;immunologiczny
produces;produkuje
antibodies;przeciwciała
in;w
twentieth;dwudziestym
century;wieku
former;były
two;dwie
pandemics;pandemie
flu;grypy
doctors;lekarze
no;nie
knowledge;wiedzą
What;co
causes;powoduje
asthma;astmę
induration;stwardnienie
sclerosis;rozsiane
different;różni
himself;się
from;od
other;innych
diseases;chorób
life;życie
that;ze
multiple;stwardnieniem
sclerosis;rozsianym
no;nie
is;jest
easy;łatwe
system;układ
nervous;nerwowy
is;jest
Main;głównym
goal;celem
diseases;choroby
fights;walczy
about;o
life;życie
won;wygrał
fight;walkę
with;z
cancer;rakiem
doctors;lekarze
they think;uważają
that;że
no;nie
survive;przeżyje
left;został
mailed;wysłany
down;do
hospital;szpitala
psychiatric;psychiatrycznego
passed;przeszła
radiotherapy;radioterapię
Nowadays;obecnie
feels;czuje
himself;się
Great;świetnie
no;nie
they have;mają
Insurance;ubezpieczenia
health;zdrowotnego
system;system
health;opieki
health;zdrowotnej
no;nie
It has;ma
for;dla
him;niego
hope;nadziei
it seemed;wydawało
himself;się
that;że
her;jej
state;stan
himself;się
improves;poprawia
treatment;leczenie
easier;ułatwiło
him;mu
respiration;oddychanie
every day;codziennie
takes;bierze
medicines;leki
should;powinni
go;chodzić
down;do
doctor;lekarza
on;na
survey;badania
after;po
taking;zażyciu
drugs;leków
they have;mają
problem;problem
with;z
concentration;koncentracją
patient;pacjent
must;musi
stay;pozostać
in;w
hospital;szpitalu
aspirin;aspiryna
diluted;rozcieńcza
blood;krew
doctors;lekarze
often;często
prescribe;przepisują
opiates;opiaty
she;ona
every day;codziennie
takes;bierze
medicine;lekarstwa
it hurts;boli
him;go
leg;noga
all;wszystko
me;mnie
it hurts;boli
is;jest
very;bardzo
sick;chora
and;i
weak;słaba
through;przez
three;trzy
weeks;tygodnie
was;była
unconscious;nieprzytomna
when;kiedy
himself;się
woke up;obudziła
no;nie
could;mogła
speak;mówić
It was;był
paralyzed;sparaliżowany
from;od
neck;szyi
in;w
bottom;dół
attack;atak
diseases;choroby
persists;ustąpi
spontaneously;samoistnie
protracted;przewlekły
ache;ból
maybe;może
give way to;ustąpić
but;ale
often;często
returns;powraca
issues;problemy
appear;pojawiają
himself;się
suddenly;nagle
whether;czy
recently;ostatnio
hurt;bolała
you;cię
head;głowa
occurred;wystąpił
in;w
many;wielu
films;filmach
movie;film
is;jest
leaning;oparty
on;na
real;rzeczywistych
events;wydarzeniach
soon;wkrótce
She began;zaczęła
appear;pojawiać
himself;się
in;w
small;małych
roles;rolach
interested;zainteresowali
himself;się
it;nią
holywoodzcy;holywoodzcy
directors;reżyserzy
her;jej
first;pierwszy
movie;film
he entered;wszedł
on;na
screens;ekrany
in;w
1932;1932
on;na
the end;końcu
video;filmu
He liked;lubiła
play;grać
strong;silne
women;kobiety
one;jedna
with;z
the most famous;nasłynniejszych
roles;ról
Katharina;kathariny
hepburn;hepburn
occurred;wystąpiła
in;w
his;swoim
the last;ostatnim
film;filmie
He died;zmarł
a few;kilka
weeks;tygodni
after;po
completion;zakończeniu
gallery;zdjęć
down;do
video;filmu
people;ludziom
still;nadal
like;podobają
himself;się
her;jej
movies;filmy
received;otrzymała
award;nagrodę
for;dla
best;najlepszej
actress;aktorki
received;otrzymała
nomination;nominację
behind;za
role of;rolę
in;w
appeared;pojawiała
himself;się
also;również
in;w
many;wielu
programs;programach
TV;telewizyjnych
was;była
very;bardzo
careful;ostrożna
at;przy
choosing;wyborze
roles;ról
in;w
films;filmach
one;jeden
with;z
the most expensive;najdroższych
movies;filmów
of all;wszech
the times;czasów
elizabeth;elizabeth
taylor;taylor
fast;szybko
constant;stała
himself;się
famous;sławna
her;jej
husband;męża
alcoholic;alkoholika
he played;zagrał
paul;paul
newman;newman
critics;krytycy
I;ją
praised;chwalili
He played;zagrała
lonely;samotną
woman;kobietę
He hated;nienawidziła
watch;oglądać
each other;siebie
in;w
films;filmach
wrote;napisała
scenarios;scenariusze
down;do
movies;filmów
never;nigdy
no;nie
she thought;myślała
about;o
himself;sobie
as;jako
actress;aktorce
film;filmowej
no;nie
was;była
accepted;akceptowana
in;w
hollywood;hollywood
I can;potrafię
and;i
dance;tańczyć
and;i
sing;śpiewać
trains;ćwiczy
game;grę
on;na
piano;pianinie
gives;daje
her;jej
lessons;lekcje
singing;śpiewu
sing;śpiewa
purely;czysto
game;gra
on;na
instruments;instrumentach
music;muzycznych
one;jednym
with;z
most;najbardziej
known;znanych
teams;zespołów
was;była
nirvana;nirvana
he started;zaczął
paint;malować
paintings;obrazy
presented;przedstawiały
normal;normalne
scene;sceny
with;z
life;życia
edward;edward
he knew;wiedział
that;że
want;chce
stay;zostać
painter;malarzem
this;ten
type;rodzaj
paintings;malarstwa
called;nazywany
is;jest
art;sztuką
commercial;komercyjną
they liked;lubili
paint;malować
ordinary;zwykłych
people;ludzi
paint;maluj
What;co
you feel;czujesz
paint;maluj
What;co
you see;widzisz
paint;maluj
What;co
is;jest
for;dla
you;ciebie
reality;rzeczywistością
exhibited;wystawiał
your;swoje
work;prace
in;w
gallery;galerii
in;w
new;nowym
York City;jorku
only;tylko
few;nieliczni
They bought;kupili
his;jego
paintings;obrazy
people;ludzi
no;nie
interested;interesował
his;jego
straight;prosty
realistic;realistyczny
style;styl
sold;sprzedał
a lot;dużo
paintings;obrazów
famous;zasłynął
mysterious;tajemniczymi
paintings;obrazami
painted;namalował
your;swoje
the most famous;najsłynniejsze
work;dzieło
Nowadays;obecnie
image;obraz
hanging;wisi
in;w
Museum;muzeum
often;często
painted;malował
three;trzy
paintings;obrazy
in;w
within;ciągu
one;jednego
day;dnia
andy;andy
warhol;warhol
It was;był
someone;kimś
more;więcej
than;niż
only;tylko
painter;malarzem
on;na
portrait;portrecie
looks;wygląda
on;na
higher;wyższego
than;niż
in;w
reality;rzeczywistości
he learned;nauczył
himself;się
paint;malować
and;i
carve;rzeźbić
decided;zdecydowała
himself;się
return;powrócić
on;na
the scene;scenę
He played;zagrała
in;w
art;sztuce
under;pod
title;tytułem
art;sztuka
enjoyed;odniosła
large;wielki
success;sukces
immediately;natychmiast
bought;kupił
rights;prawa
down;do
art;sztuki
she had;miała
stage fright;tremę
She began;zaczęła
occur;występować
as;jako
teenager;nastolatka
elderly;starsi
brethren;bracia
Jessica;jessici
They showed;okazywali
interest;zainteresowanie
theater;teatrem
jessica;jessica
she loved;kochała
go;chodzić
down;do
theater;teatru
He played;zagrała
in;w
many;wielu
arts;sztukach
Shakespeare;shakespeare'a
after;po
once;raz
first;pierwszy
He played;zagrała
in;w
art;sztuce
still;nadal
she worked;pracowała
in;w
London;londyńskim
theater;teatrze
his;jego
mother;matka
was;była
actress;aktorką
in;w
local;miejscowym
theater;teatrze
getting;dostawała
only;tylko
small;małe
roles;role
art;sztuka
is;jest
funny;zabawna
and;i
serious;poważna
at the same time;zarazem
her;jej
teacher;nauczycielem
It was;był
very;bardzo
known;znany
playwright;dramaturg
they played;grali
for;dla
full;pełnej
the audience;widowni
art;sztuka
after;po
once;raz
first;pierwszy
she stayed;została
exposed;wystawiona
in;w
london;londynie
in the evening;wieczorem
go;idziemy
down;do
theater;teatru
performance;przedstawienie
it was;było
great;świetne
It was;był
one;jednym
with;z
first;pierwszych
black;czarnych
writers;pisarzy
He posted;pisał
almost;prawie
through;przez
fifty;pięćdziesiąt
bake;pięć
years;lat
famous;zasłynął
descriptions;opisami
life;życia
black;czarnych
Americans;amerykanów
his;jego
works;dzieła
are;są
known;znane
on;na
All;całym
world;świecie
his;jego
works;dzieła
left;zostały
translated;przetłumaczone
on;na
many;wiele
languages;języków
poetry;poezja
Hughes;hughesa
contained;zawierała
serious;poważne
upload;przesłania
he loved;kochał
write;pisać
sitting;siedząc
in;w
clubs;klubach
and;i
listening to;słuchając
blues;bluesa
women;kobiety
read;czytają
literature;literaturę
more often;częściej
than;niż
men;mężczyźni
people;ludzie
discuss;dyskutują
about;o
books;książkach
in;w
online;internecie
wrote;napisała
seven;siedem
books;książek
share;akcja
takes;rozgrywa
himself;się
in;w
small;małym
city;mieście
on;na
Florida;florydzie
her;jej
second;druga
book;książka
she stayed;została
released;wydana
three;trzy
patch;lata
later;później
wrote;napisała
book;książkę
in;w
within;ciągu
seven;siedmiu
weeks;tygodni
this;to
history;historia
black women;murzynki
seeking;szukającej
happiness;szczęścia
published;opublikowała
story;historię
his;swojego
life;życia
wrote;napisała
more than;ponad
hundred;sto
books;książek
I read;czytałem
about;o
this;tym
in;w
newspaper;gazecie
She began;zaczęła
write;pisać
articles;artykuły
for;dla
newspapers;gazet
and;i
magazines;czasopism
many;wielu
people;ludzi
criticized;krytykowało
article;artykuł
often;często
performed;występowała
in;w
TV;telewizji
millions;miliony
Americans;amerykanów
read;czytają
magazine;czasopismo
What;co
week;tydzień
media;media
often;często
wrote;pisały
about;o
her;jej
romances;romansach
soon;wkrótce
people;ludzie
on;na
All;całym
world;świecie
could;mogli
this;to
see;obejrzeć
never;nigdy
no;nie
left;został
President;prezydentem
American;amerykański
government;rząd
It was;był
very;bardzo
weak;słaby
for;dla
Okay;dobra
the nation;narodu
everybody;wszyscy
Visitors;byli
loyal;lojalni
thomas;thomasowi
Jefferson;jeffersonowi
in;w
first;pierwszym
year;roku
presidency;prezydentury
Jefferson;jeffersona
decreased;zmniejszył
number;liczbę
ambassadors;ambasadorów
period;okres
great;wielkich
change;zmian
congress;kongres
accepted;przyjął
resolution;rezolucję
in;w
October;październiku
left;został
forced;zmuszony
down;do
resignation;rezygnacji
many;wiele
comments;uwagi
focused;skupił
on;na
policy;polityce
foreign;zagranicznej
negotiations;negocjacje
ended;zakończyły
himself;się
under;pod
end;koniec
year;roku
the largest;największa
party;partia
political;polityczna
in;w
bulgaria;bułgarii
he came;doszedł
down;do
power;władzy
in;w
result;wyniku
coup;zamachu
the state;stanu
army;armia
took;przejęła
authorities;władzę
Guinea-Bissau;gwinea-bissau
It has;ma
long;długą
story;historię
attacks;zamachów
the state;stanu
president;prezes
party;partii
embassy;ambasada
German;niemiec
no;nie
commented;skomentowała
statements;oświadczenia
zeman;zeman
will replace;zastąpi
eurosceptic;eurosceptyka
Vaclav;vaclava
Klaus;klausa
won;wygrał
next;następne
elections;wybory
traveled;podróżował
after;po
All;całym
able;stanie
picking;zbierając
support;poparcie
experts;eksperci
they gave;dawali
him;mu
small;małe
chances;szanse
in;w
first;pierwszym
vote;głosowaniu
Democrats;demokraci
they bought;kupowali
voices;głosy
this;tym
together;razem
they voted;zagłosowali
on;na
opposition;opozycję
we have;mamy
hope;nadzieję
on;na
change;zmianę
government;rządu
coalition;koalicja
received;uzyskała
133;133
with;z
222;222
seats;miejsc
in;w
parliament;parlamencie
41%;41%
voters;wyborców
have cast;oddało
your;swoje
voices;głosy
more than;ponad
250;250
observers;obserwatorów
monitors;monitoruje
course;przebieg
election;wyborów
parties;partie
broke;złamały
silence;ciszę
election;wyborczą
left;został
selected;wybrany
on;na
President;prezydenta
in;w
2009;2009
year;roku
Pakistanis;pakistańczycy
they are choosing;wybierają
parliament;parlament
former;były
Prime Minister;premier
won;wygrał
elections;wybory
presidential;prezydenckie
in;w
second;drugiej
round;turze
received;otrzymał
55%;55%
votes;głosów
war;wojna
Vietnamese;wietnamska
this;to
already;już
history;historia
future;przyszłość
the nation;narodu
drawing;rysuje
himself;się
brightly;jasno
war;wojny
religious;religijne
known;znane
as;jako
crusade;krucjaty
they founded;założyli
colonies;kolonie
trade;handlowe
in;w
africa;afryce
was;była
this;to
first;pierwsza
American;amerykańska
war;wojna
about;o
independence;niepodległość
battle;bitwa
about;o
quebec;quebec
was;była
point;punktem
return;zwrotnym
conflict;konfliktu
relationship;związek
Soviet;radziecki
disbanded;rozpadł
himself;się
in;w
1991;1991
this;to
it was;było
great;wielkie
event;wydarzenie
German;niemieccy
soldiers;żołnierze
They marched;przemaszerowali
through;przez
france;francję
France;francja
she stayed;została
forced;zmuszona
down;do
signing;podpisaniu
Treaty;traktatu
timor;timor
eastern;wschodni
It was;był
Portuguese;portugalską
Cologne;kolonią
one;jednym
with;z
Serbian;serbskich
allies;sojuszników
was;była
Russia;rosja
states;stany
united;zjednoczone
constant;stały
himself;się
superpower;mocarstwem
this;to
well;dobrze
paid;płatna
job;praca
unemployment;bezrobocie
is;jest
high;wysokie
thousands;tysiące
employees;pracowników
hotels;hoteli
lost;straciło
working;pracę
in;w
summer;lecie
he worked;pracował
as;jako
paramedic;ratownik
above;nad
river;rzeką
unemployment;bezrobocie
remains;pozostaje
on;na
level;poziomie
about;około
18%;18%
whites;biali
they have;mają
small;małe
chances;szanse
on;na
find;znalezienie
working;pracy
tried;próbował
found;znaleźć
working;pracę
he had;miał
issues;problemy
that;ze
finding;znalezieniem
working;pracy
because;bo
It was;był
black;czarny
millions;miliony
people;osób
ceased;przestały
look for;szukać
working;pracy
a lot;dużo
people;osób
lost;straciło
working;pracę
best;najlepiej
paid;płatną
working;pracę
they have;mają
managers;menedżerowie
unemployment;bezrobocie
increased;wzrosło
down;do
eighteen;osiemnastu
percent;procent
this;ta
job;praca
no;nie
He gave;dawała
him;mu
happiness;szczęścia
earned;zarabiał
little;mało
money;pieniędzy
earned;zarobiła
more than;ponad
million;milion
dollars;dolarów
inflation;inflacja
will;będzie
grew;rosła
no;nie
he paid;zapłacił
tax;podatku
income;dochodowego
everybody;wszyscy
must;muszą
pay;płacić
taxes;podatki
pay;zapłacą
behind;za
this;to
taxpayers;podatnicy
improves;poprawia
himself;się
situation;sytuacja
in;w
economy;gospodarce
American;amerykańska
economy;gospodarka
came out;wychodziła
with;z
recession;recesji
inflation;inflacja
and;i
unemployment;bezrobocie
former;były
low;niskie
feet;stopy
tax;podatkowe
grow;rosną
together;wraz
with;z
height;wysokością
earnings;zarobków
earnings;zarobki
below;poniżej
this;tej
the amount;kwoty
are;są
lower;niżej
taxed;opodatkowane
everybody;wszyscy
Americans;amerykanie
will be felt;odczują
increase;podwyżkę
taxes;podatków
cuts;cięcia
budgetary;budżetowe
reduce;redukują
costs;koszty
investors;inwestorów
worried;martwi
huge;ogromny
debt;dług
public;publiczny
Uruguay;urugwaj
received;otrzymał
loan;pożyczkę
rescue;ratunkową
no;nie
raise;podniesiemy
taxes;podatków
lies;tkwi
in;w
debts;długach
after;po
ears;uszy
we live;żyjemy
on;na
credit;kredyt
debt;dług
must;musi
stay;zostać
repaid;spłacony
no;nie
Visitors;byli
in;w
able;stanie
pay off;spłacać
loans;pożyczek
mortgage;hipotecznych
when;kiedy
banks;banki
fell;padały
people;ludzie
losing;tracili
all;wszystko
the biggest;największy
fall;upadek
bank;banku
in;w
history;historii
america;ameryki
once;raz
entered;weszła
in;w
conflict;konflikt
with;z
law;prawem
in;w
city;mieście
introduced;wprowadzono
hour;godzinę
police;policyjną
we have;musimy
observe;przestrzegać
rights;prawa
Police;policja
searched;przeszukała
her;jej
House;dom
erected;postawiono
her;jej
plea;zarzut
murder;zabójstwa
no;nie
turned;okazał
contrition;skruchy
after;po
Long;długim
hearing;przesłuchaniu
pressed;przyłożyła
gun;pistolet
down;do
neck;szyi
pilot;pilota
rape;gwałt
on;na
tourist's;turystce
attacks;napady
are;są
common;powszechnym
phenomenon;zjawiskiem
in;w
rio;rio
de;de
janeiro;janeiro
63-year-old;63-latek
left;został
included;ujęty
through;przez
French;francuskie
strength;siły
special;specjalne
arrested;zatrzymali
him;go
in;w
to;celu
hearing;przesłuchania
banned;zakazano
him;mu
leave;wyjeżdżać
with;z
cities;miasta
illegal;nielegalne
possession;posiadanie
weapon;broni
man;mężczyzna
It was;był
fivefold;pięciokrotnie
punished;karany
interrogated;przesłuchano
four;cztery
persons;osoby
Police;policja
she came;przyjechała
after;po
twenty;20
min;minutach
people;ludzie
take;biorą
justice;sprawiedliwość
in;w
your;swoje
hands;ręce
behind;za
offense;przestępstwo
threatens;grozi
penalty;kara
dying;śmierci
hour;godzina
Police;policyjna
she stayed;została
abolished;zniesiona
no;nie
passed;przeszła
test;testu
on;na
detector;wykrywaczu
lies;kłamstw
never;nigdy
anyone;nikogo
no;nie
we killed;zabiliśmy
establish;ustalić
facts;fakty
this;to
no;nie
Visitors;byli
police officers;policjanci
two;dwóch
police officers;policjantów
cropped;wyskoczyło
with;z
police car;radiowozu
two;dwóch
police officers;policjantów
entered;weszło
down;do
room;pokoju
murder;zabójstwa
remain;pozostają
unexplained;niewyjaśnione
no;nie
he knew;znał
Mercy;litości
appeared;wydawał
millions;miliony
dollars;dolarów
on;na
bribes;łapówki
He noted;zauważył
suspect;podejrzany
car;samochód
pointed;wycelowawszy
they opened;otworzyli
fire;ogień
It was;był
on;na
release;zwolnieniu
conditional;warunkowym
finished;skończył
with;z
career;karierą
criminal;przestępczą
he founded;założył
gang;gang
no;nie
he wanted;chciał
kill;zabić
human;człowieka
behind;za
murder;morderstwo
never;nigdy
anyone;nikogo
no;nie
hunted;ścigano
never;nigdy
anyone;nikogo
no;nie
killed;zabił
their;ich
days;dni
on;na
freedom;wolności
former;były
numbered;policzone
disappeared;zniknął
in;w
the crowd;tłumie
couple;para
she stayed;została
arrested;aresztowana
in;w
his;swoim
house;domu
in;w
Marburg;marburgu
heard;usłyszała
bake;pięć
shots;strzałów
his;jego
body;ciało
lay;leżało
on;na
street;ulicy
pushed;pchnęła
him;go
knife;nożem
judge;sędzia
aimed;wymierzył
him;mu
raw;surową
penalty;karę
President;prezydent
rejected;odrzucił
petition;petycję
about;o
pardon;ułaskawienie
no;nie
he had;miał
righteous;sprawiedliwego
process;procesu
prosecutors;prokuratorzy
they demanded;żądali
penalties;kary
eight;ośmiu
years;lat
deprivation;pozbawienia
freedom;wolności
process;proces
lasted;trwał
12;12
days;dni
he had;miał
two;dwa
processes;procesy
and;i
both;oba
won;wygrał
process;proces
lasted;trwał
nine;dziewięć
days;dni
cried;płakał
when;kiedy
read;odczytywano
judgment;wyrok
no;nie
allowed;pozwolono
him;mu
submit;złożyć
explanations;wyjaśnień
he proved;udowodnił
that;że
is;jest
innocent;niewinny
President;prezydent
created;utworzył
new;nowe
courts;sądy
appointed;mianował
new;nowych
judges;sędziów
soldiers;żołnierze
they stood;stanęli
before;przed
court;sądem
behind;za
murder;morderstwo
most;większość
with;z
them;nich
acquitted;uniewinniono
They received;otrzymali
gentle;łagodne
penalties;kary
judge;sędzia
heard;wysłuchał
arguments;argumentów
lawyers;prawników
both;obu
sites;stron
court;sąd
is;jest
independent;niezawisły
process;proces
left;został
moved;przeniesiony
pose;poza
moose;los
angeles;angeles
bench;ława
jury;przysięgłych
acquitted;uniewinniła
officers;oficerów
francisco;francisco
serving;odsiaduje
penalty;karę
behind;za
murder;zabójstwo
you can;możesz
reduce;skrócić
penalty;karę
if;jeżeli
you teach;uczysz
himself;się
and;i
working;pracujesz
I got;dostałem
seven;siedem
years;lat
behind;za
theft;kradzież
seven;siedmiu
fruit;owoców
mango;mango
never;nigdy
earlier;wcześniej
no;nie
I was;byłem
in;w
prison;więzieniu
I would like;chciałbym
exit;wyjść
with;z
prisons;więzienia
He tried;próbowała
escape;uciec
a few;kilka
times;razy
prison;więzienie
is;jest
divided;podzielone
on;na
9;9
blocks;bloków
serving;odsiaduje
penalty;karę
double;podwójnego
life imprisonment;dożywocia
women;kobiety
from;od
March;marca
staying;przebywają
in;w
custody;areszcie
he spent;spędził
18;18
months;miesięcy
in;w
prison;więzieniu
this;to
was;była
first;pierwsza
escape;ucieczka
from;od
40;40
years;lat
prison;więzienie
aroused;budziło
himself;się
it came;przyszło
after;po
him;niego
three;trzech
guards;strażników
Visitors;byli
free;wolni
everybody;wszyscy
prisoners;więźniowie
Visitors;byli
locked;zamknięci
in;w
for;celach
in;w
prison;więzieniu
It was;był
workshop;warsztat
cried;płakała
in;w
his;swojej
cell;celi
he spent;spędził
six;sześć
years;lat
in;w
prison;więzieniu
in;w
prison;więzieniu
stays;przebywa
838;838
convicted;skazanych
prisoners;więźniowie
they started;zaczęli
fight;walczyć
that;ze
together;sobą
prisoners;więźniowie
they demanded;żądali
improve;poprawy
conditions;warunków
prisoners;więźniowie
They took;przejęli
control;kontrolę
above;nad
prison;więzieniem
near;blisko
360;360
prisoners;więźniów
killed;zginęło
in;w
fire;pożarze
prisoner;więzień
he attacked;zaatakował
guard;strażnika
knife;nożem
prisoners;więźniowie
They took;przejęli
control;kontrolę
above;nad
part;częścią
prisons;więzienia
local;tutejsze
prisons;więzienia
this;to
bomb;bomba
clock;zegarowa
in;w
prisons;więzieniach
serving;odsiaduje
penalties;kary
about;około
13000;13000
prisoners;więźniów
rebellion;bunt
erupted;wybuchł
in;w
Monday;poniedziałek
they pushed;wepchnęli
him;go
down;do
cell;celi
served;odsiedziała
four;cztery
patch;lata
fight;walka
takes;trwa
and;i
will;będzie
permanent;trwała
soon;wkrótce
us;nas
destroy;zniszczą
two;dwa
raids;naloty
in;w
within;ciągu
48;48
hours;godzin
France;francja
withdrew;wycofała
100;100
with;z
4000;4000
soldiers;żołnierzy
declaration;deklaracja
meant;oznaczała
war;wojnę
all;wszystkie
planes;samoloty
safely;bezpiecznie
returned;wróciły
down;do
base;bazy
both;obie
page;strony
suffered;poniosły
serious;poważne
loss;straty
about;około
55;55
thousands;tysięcy
soldiers;żołnierzy
killed;poległo
or;lub
was;zostało
wounded;rannych
territory;terytorium
turkey;turcji
was;zostało
fired;ostrzelane
with;z
syria;syrii
french;francuzi
they had;mieli
base;bazy
military;wojskowe
in;w
Quebec;quebecu
and;i
Montreal;montrealu
fought;walczył
in;w
Dutch;holenderskim
motion;ruchu
resistance;oporu
Italians;włosi
no;nie
They wanted;chcieli
war;wojny
he lost;stracił
on;na
the war;wojnie
more than;ponad
twenty;dwudziestu
friends;przyjaciół
rebels;rebelianci
They took;przejęli
control;kontrolę
above;nad
big;dużą
part;częścią
cities;miasta
killed;zabito
100;100
people;osób
with;z
hostile;wrogiej
army;armii
France;francja
started;rozpoczęła
offensive;ofensywę
land;lądową
in;w
mali;mali
Islamic;islamscy
rebels;rebelianci
retook;odbili
Malian;malijskie
city;miasto
killing;zabijałem
our;naszych
enemies;wrogów
soldiers;żołnierze
they killed;zabili
about;około
1000;1000
people;osób
night;nocami
we have seen;widzieliśmy
flashes;błyski
artillery;artylerii
attack;natarcie
go;przejdzie
through;przez
the river;rzekę
above;powyżej
narrow;wąskiego
ravine;wąwozu
I am;jestem
very;bardzo
tired;zmęczony
this;tą
war;wojną
in;w
future;przyszłym
week;tygodniu
war;wojna
begins;zaczyna
himself;się
on;na
newly;nowo
ball;kula
stuck;utkwiła
in;w
muddy;błotnistym
slope;stoku
shaft;wału
fight;walki
himself;się
ended;zakończyły
next;następnej
night;nocy
He started;rozpoczął
himself;się
retreat;odwrót
orders;rozkazy
sound;brzmią
that;że
we have;mamy
here;tutaj
stay;zostać
gun;pistolet
no;nie
fired;wystrzelił
war;wojna
no;nie
It has;ma
end;końca
no;nie
It has;ma
Thread;nic
worse;gorszego
from;od
war;wojny
soon;zaraz
after;po
dawn;świcie
was;nastąpiło
next;następne
attack;natarcie
no;nie
they had;mieli
need;potrzeby
introduce;wprowadzać
confusion;zamętu
in;w
our;nasz
retreat;odwrót
war;wojny
no;nie
wins;wygrywa
himself;się
victory;zwycięstwem
we had;mieliśmy
command;rozkaz
wearing;noszenia
steel;stalowych
helmets;hełmów
no;nie
you can;możesz
U.S;nam
command;rozkazywać
no;nie
succeeded;udało
himself;się
get;zdobyć
mountains;gór
behind;za
river;rzeką
soldiers;żołnierze
they came;przyszli
and;i
they burned;spalili
our;nasze
houses;domy
soldiers;żołnierze
They responded;odpowiedzieli
fire;ogniem
Azerbaijan;azerbejdżan
and;i
Armenia;armenia
fought;stoczyły
brutal;brutalną
war;wojnę
shortbread;kruche
suspension;zawieszenie
weapon;broni
they defended;bronili
his;swojej
fatherland;ojczyzny
rocket;rakieta
hit;trafiła
in;w
objective;cel
signed;podpisali
treaty;traktat
ending;kończący
Thirty;trzydziestoletnią
war;wojnę
operation;operacja
ended;zakończyła
himself;się
failure;niepowodzeniem
british;brytyjczycy
beat;pokonali
Frenchmen;francuzów
explosion;wybuch
wounded;zranił
one;jednego
soldier;żołnierza
down;do
explosion;eksplozji
there;doszło
10;10
meters;metrów
from;od
point;punktu
control;kontrolnego
booby trap;miny-pułapki
this;to
favorite;ulubiona
weapon;broń
Taliban;talibów
car bomb;samochód-pułapka
erupted;wybuchł
in;w
Nearby;pobliżu
convoy;konwoju
none;żadna
with;z
groups;grup
no;nie
granted;przyznała
himself;się
down;do
Sunday;niedzielnego
attack;ataku
bomb;bomba
she stayed;została
disarmed;rozbrojona
planted;podłożyli
him;mu
bomb;bombę
under;pod
car;samochód
they took;wzięli
many;wielu
hostages;zakładników
extremists;ekstremiści
no;nie
They wanted;chcieli
negotiate;negocjować
no;nie
They wanted;chcieli
release;wypuścić
hostages;zakładników
nineteen;dziewiętnastu
terrorists;terrorystów
kidnapped;porwało
four;cztery
planes;samoloty
five;pięciu
hijackers;porywaczy
took;przejęło
control;kontrolę
above;nad
plane;samolotem
axis;oś
bad;zła
militants;bojówkarze
They attacked;atakowali
soldiers;żołnierzy
coalition;koalicji
left;został
convicted;skazany
on;na
death;śmierć
behind;za
espionage;szpiegostwo
left;został
transformed;zwerbowany
through;przez
kgb;kgb
It was;był
Soviet;sowieckim
spy;szpiegiem
connect;nawiązać
contact;kontakt
with;z
other;innymi
spies;szpiegami
he;on
no;nie
is;jest
spy;szpiegiem
Russia;rosja
expelled;wydaliła
worker's;pracownika
embassy;ambasady
USA;usa
President;prezydent
lech;lech
kaczynski;kaczyński
killed;zginął
in;w
crash;katastrofie
aviation;lotniczej
plane;samolot
crashed;rozbił
himself;się
in;w
Nearby;pobliżu
airports;lotniska
pilots;piloci
They ignored;ignorowali
command;polecenia
inspection;kontroli
motion;ruchu
air;lotniczego
I saw;widziałam
how;jak
plane;samolot
hooked;zahaczył
about;o
tree;drzewo
plane;samolot
he approached;podchodził
down;do
landing;lądowania
plane;samolot
disbanded;rozpadł
himself;się
on;na
two;dwie
parts;części
plane;samolot
disappeared;zniknął
with;z
radar;radarów
50;50
minutes;minut
after;po
encounter;starcie
cause;przyczyna
disaster;katastrofy
no;nie
is;jest
yet;jeszcze
known;znana
died;zginęły
all;wszystkie
153;153
persons;osoby
on;na
board;pokładzie
plane;samolot
disappeared;zniknął
with;z
screens;ekranów
radar;radarów
remote;pilot
he lost;stracił
control;kontrolę
and;i
hit;uderzył
in;w
Earth;ziemię
plane;samolot
he had;miał
more than;ponad
27;27
years;lat
the worst;najgorsza
a disaster;katastrofa
air;lotnicza
in;w
history;historii
pakistan;pakistanu
plane;samolot
is;jest
completely;doszczętnie
destroyed;zniszczony
Main;główną
cause;przyczyną
disaster;katastrofy
It was;był
error;błąd
pilot;pilota
high;wysokie
dose;dawki
radiation;promieniowania
relationship;związek
between;między
cancer;rakiem
thyroid;tarczycy
and;a
radiation;promieniowaniem
leakage;wyciek
water;wody
radioactive;radioaktywnej
tall;wysoki
level;poziom
radiation;promieniowania
small;małe
amounts;ilości
plutonium;plutonu
jump out;wyskoczyć
with;z
moving;jadącego
train;pociągu
two;dwa
trains;pociągi
collided;zderzyły
himself;się
in;w
southern;południowej
poland;polsce
train;pociąg
was;znajdował
himself;się
on;na
wrong;niewłaściwym
the track;torze
train;pociąg
derailed;wykoleił
himself;się
three;trzy
wagons;wagony
came out;wypadły
with;z
hydrocarbons;dorów
first;pierwszy
car;wagon
left;został
completely;całkowicie
destroyed;zniszczony
avalanche;lawina
mud;błotna
caused;spowodowała
derailment;wykolejenie
himself;się
train;pociągu
two;dwa
trains;pociągi
suburban;podmiejskie
collided;zderzyły
himself;się
near;niedaleko
halle;halle
threw;rzucało
us;nami
through;przez
about;około
15;15
seconds;sekund
we have seen;widzieliśmy
corpse;zwłoki
victims;ofiar
lying;leżące
at;przy
tracks;torach
wave;fala
wiped out;zmiotła
him;go
with;z
deck;pokładu
situation;sytuacja
himself;się
worsens;pogarsza
Hello;część
wounded;rannych
is;jest
in;w
able;stanie
critical;krytycznym
people;ludzie
they need;potrzebują
help;pomocy
no one;nikt
no;nie
know;wie
What;co
himself;się
happened;stało
with;z
his;jego
wife;żoną
evacuated;ewakuowani
they were;zostali
temporarily;tymczasowo
accommodated;zakwaterowani
in;w
School;szkole
that;ze
reasons;względów
safety;bezpieczeństwa
no;nie
noticed;odnotowano
damage;zniszczeń
on;na
place;miejsce
left;zostały
sent;wysłane
crew;ekipy
rescue;ratunkowe
snow;śnieg
made it difficult;utrudniał
campaign;akcję
rescue;ratunkową
request;prośba
about;o
help;pomoc
Turkey;turcja
earlier;wcześniej
She rejected;odrzuciła
Israeli;izraelską
offer;ofertę
help;pomocy
danger;niebezpieczeństwo
no;nie
It passed;minęło
people;ludzie
run;biegają
Cry;płaczą
and;i
they are screaming;krzyczą
no;nie
It has;ma
current;prądu
no;nie
act;działają
phones;telefony
no;nie
can;mogą
found;znaleźć
their;swoich
kids;dzieci
no one;nikt
no;nie
survivor;przeżył
this;tej
disaster;katastrofy
we're;jesteśmy
united;zjednoczeni
in;w
faced;obliczu
tragedy;tragedii
no;żaden
with;z
us;nas
no;nie
could;mógł
believe;uwierzyć
in;w
this;to
What;co
himself;się
happened;stało
full;pełna
list;lista
victims;ofiar
heard;słyszeliśmy
a powerful;potężną
explosion;eksplozję
some;niektóre
kids;dzieci
lost;straciły
in;w
tragedy;tragedii
their;swoich
parents;rodziców
number;liczba
victims;ofiar
maybe;może
increase;wzrosnąć
destruction;zniszczenia
are;są
huge;ogromne
this;to
It was;był
nightmare;koszmar
evacuation;ewakuacja
threatened;zagrożonych
areas;obszarów
Advanced;zaawansowane
systems;systemy
warning;ostrzegania
hospitals;szpitale
call;apelują
down;do
people;ludzi
about;o
donation;oddawanie
blood;krwi
two;dwie
persons;osoby
died;zginęły
and;a
14;14
was;zostało
wounded;rannych
six;sześć
with;z
thirteen;trzynastu
wagons;wagonów
derailed;wykoleiło
himself;się
three;trzy
persons;osoby
died;zmarły
in;w
way;drodze
down;do
hospital;szpitala
I lost;straciłem
all;wszystko
system;system
early;wczesnego
warning;ostrzegania
I went out;wyszedłem
and;i
no;nie
I could;mogłem
believe;uwierzyć
in;w
this;to
What;co
I saw;zobaczyłem
most;większość
wounded;rannych
she stayed;została
transported;przewieziona
down;do
hospital;szpitala
number;liczba
victims;ofiar
maybe;może
increase;wzrosnąć
survivors;przeżyli
disaster;katastrofę
sea;morską
building;budynek
crashed;runął
how;jak
house;domek
with;z
cards;kart
share;akcja
rescue;ratunkowa
was;była
continued;kontynuowana
in;w
night;nocy
most;większość
victims;ofiar
this;to
workers;robotnicy
Construction;budowlani
rescuers;ratownicy
no;nie
They arrived;przybyli
in;w
result;wyniku
explosion;wybuchu
with;z
window;okien
fell out;powypadały
window;szyby
evacuated;ewakuowano
people;ludzi
with;z
neighboring;sąsiednich
buildings;budynków
heard;usłyszeliśmy
powerful;silny
explosion;wybuch
in;w
result;wyniku
explosion;eksplozji
died;zginęły
three;trzy
persons;osoby
this;to
miracle;cud
that;że
no one;nikt
no;nie
killed;zginął
bench;lawa
drained;spływała
after;po
slope;zboczu
cloud;chmura
ash;popiołu
volcanic;wulkanicznego
in;w
fire;pożarze
he lost;stracił
two;dwóch
brothers;braci
about;około
60;60
firefighters;strażaków
fought;walczyło
with;z
fire / fire;pożarem/ogniem
takes;trwa
fixing;ustalanie
causes;przyczyny
fire;pożaru
House;dom
left;został
destroyed;zniszczony
through;przez
fire;ogień
flames;płomienie
consumed;strawiły
about;około
750;750
hectares;hektarów
forest;lasu
House;dom
standing;stoi
in;w
fire;płomieniach
firefighters;strażacy
fight;walczą
with;z
fire;pożarem
forest;lasu
whether;czy
Shell we;możemy
predict;przewidzieć
earthquake;trzęsienia
earth;ziemi
predict;przewidzieć
where;gdzie
and;i
when;kiedy
will;nastąpi
earthquake;trzęsienie
earth;ziemi
earthquake;trzęsienie
earth;ziemi
destroyed;zniszczyło
city;miasto
shakes;wstrząsy
secondary;wtórne
there;występują
What;co
15-20;15-20
minutes;minut
first;pierwszy
shock;wstrząs
It was;był
really;naprawdę
powerful;silny
people;ludzie
on;na
the streets;ulicach
they fell;upadali
Earth;ziemia
She began;zaczęła
himself;się
shake;trząść
epicenter;epicentrum
was;znajdowało
himself;się
only;tylko
15;15
km;km
from;od
center;centrum
capital;stolicy
I have seen;widziałem
dilapidated;walące
himself;się
buildings;budynki
shock;wstrząs
It was;był
perceptible;odczuwalny
on;na
complex;terenie
whole;całego
country;kraju
rescuers;ratownicy
drew;wyciągnęli
boy;chłopca
bottom;spod
rubble;gruzów
hundreds of;setki
people;osób
are;są
trapped;uwięzione
under;pod
the rubble;gruzami
earthquake;trzęsienia
earth;ziemi
are;są
normal;normalnym
phenomenon;zjawiskiem
in;w
iran;iranie
buildings;budynki
swayed;kołysały
himself;się
torrential;ulewne
rains;deszcze
provoked;wywołały
floods;powodzie
firefighters;strażacy
through;przez
whole;całą
night;noc
They are pumping water;wypompowywali
water;wodę
with;z
houses;domów
main;główne
expensive;drogi
left;zostały
flooded;zalane
more than;ponad
65000;65000
people;osób
was;zostało
evacuated;ewakuowanych
water;woda
She began;zaczęła
fall;opadać
river;rzeki
shed;wylały
with;z
shores;brzegów
level;poziom
water;wody
increased;wzrósł
about;o
four;cztery
meters;metry
in;w
within;ciągu
three;trzech
hours;godzin
sappers;saperzy
they blew up;wysadzili
shaft;wał
creating;tworząc
50-meter;50-metrową
gap;wyrwę
water;wody
fallen;opadły
journey;podróż
down;do
flooded;zalanych
Peruvian;peruwiańskich
village;wsi
rains;deszcze
wiped out;zmiotły
bridge;most
swollen;wezbrana
water;woda
flipped;przewracała
cars;samochody
water;woda
kidnapped;porwała
cars;samochody
fire;pożar
slipped out;wymknął
himself;się
bottom;spod
inspection;kontroli
more than;ponad
300;300
convicted;skazanych
killed;zginęło
in;w
fire;pożarze
prisons;więzienia
flames;płomienie
raged;szalały
through;przez
about;około
hour;godzinę
dozens;dziesiątki
people;ludzi
rozszabrowały;rozszabrowały
supermarket;supermarket
this;to
it was;było
the strongest;najsilniejsze
earthquake;trzęsienie
earth;ziemi
from;od
more than;ponad
50;50
years;lat
earthquake;trzęsienie
earth;ziemi
it was;było
felt;odczuwalne
in;w
All;całym
region;regionie
three;trzy
persons;osoby
can;mogą
be;być
trapped;uwięzione
under;pod
the rubble;gruzami
sea;morze
stormed;wdarło
himself;się
on;na
beach;plażę
water;woda
she went;podeszła
high;wysoko
Sun;słońce
happened;zaszło
Bay;zatoka
was;była
smooth;gładka
how;jak
mirror;lustro
Sun;słońce
again;znów
stood up;wstało
about;około
seventh;siódmej
we stood;stanęliśmy
on;na
summit;szczycie
hill;wzgórza
in;w
bearing;łożysku
river;rzeki
There were;leżały
stones;kamienie
and;i
boulders;głazy
flap;pola
former;były
green;zielone
at;przy
shore;brzegu
I have seen;widziałem
deep;głębokie
pond;sadzawki
after;po
both;obu
sides;stronach
stretched;rozpościerała
himself;się
plain;równina
trees;drzewa
mulberry;morwowe
constant;stały
naked;nagie
and;a
flap;pola
former;były
bure;bure
way;droga
through;przez
more;dłuższy
time;czas
ran;biegła
valley;doliną
Sun;słońce
already;już
happened;zaszło
in;w
the air;powietrzu
rozsnuła;rozsnuła
himself;się
fog;mgła
through;przez
whole;całą
night;noc
storm;sztorm
took on;przybierał
on;na
strength;sile
wind;wiatr
gave;dął
most;najsilniej
about;około
fifth;piątej
morning;rano
storm;burza
caused;wyrządziła
a lot;dużo
damage;szkód
wind;wiatr
took;nabrał
on;na
strength;sile
wind;wiatr
odwiał;odwiał
smoke;dym
day;dnia
fast;szybko
were coming;przybywało
morning;ranek
It was;był
sunny;pogodny
no;nie
felt;czuło
himself;się
that;że
coming;nadciąga
storm;burza
I noticed;zauważyłem
cloud;chmurę
eject;wysuwającą
himself;się
from behind;zza
mountains;gór
Sun;słońce
pożółkło;pożółkło
and;i
zmatowiało;zmatowiało
sky;niebo
himself;się
enlisted;zaciągnęło
it was;było
heat;ciepło
and;i
wiosennie;wiosennie
I saw;zobaczyłem
Sun;słońce
coming;wpadające
through;przez
window;okno
on;na
court;dworze
It was;był
beautiful;piękny
spring;wiosenny
morning;poranek
in;w
mountains;górach
fell;padały
rains;deszcze
it was;było
cold;zimno
and;i
drops;krople
hung;zwisały
with;z
branches;gałęzi
again;znowu
started;zaczęło
rain;padać
night;noc
He did;robiła
himself;się
cool;chłodna
rain;deszcz
He stopped;przestał
rain;padać
rain;deszcz
persisted;ustawał
sky;niebo
again;znowu
himself;się
clouded;zachmurzyło
Sun;słońce
already;już
almost;prawie
came out;wyszło
from behind;zza
clouds;chmur
Sun;słońce
already;już
occurred;zachodziło
and;i
did;robiło
himself;się
cooler;chłodniej
wind;wiatr
stuttered;zacinał
rain;deszczem
in;w
night;nocy
broke;zerwał
himself;się
wind;wiatr
everybody;wszyscy
Visitors;byli
drenched;przemoczeni
down;do
dry;suchej
thread;nitki
and;i
frightened;wystraszeni
What;co
this;to
behind;za
tree;drzewo
climbed;wspięła
himself;się
on;na
tree;drzewo
trees;drzewa
zieleniły;zieleniły
himself;się
already;już
buds;pąkami
then;pnie
trees;drzew
covered;pokryte
former;były
dust;kurzem
leaves;liście
falling;opadały
early;wcześnie
this;tego
year;roku
forest;las
oak;dębowy
trees;drzewa
growing;rosnące
around;wokół
expensive;drogi
released;wypuściły
small;małe
leaves;listki
trees;drzewa
dripping;ociekały
water;wodą
wind;wiatr
moving;poruszał
leaves;liśćmi
trees;drzewa
former;były
wreathed;spowite
fog;mgłą
after;po
both;obu
sides;stronach
expensive;drogi
tall;rosły
trees;drzewa
on;na
way;drodze
There were;leżały
wet;mokre
wilted;zwiędłe
leaves;liście
evening;wieczór
passes;mija
I'll face;zmierzę
these;ci
time;czas
all;wszystko
in;w
his;swoim
time;czasie
race;wyścig
with;z
sometimes;czasem
time;czas
this;to
money;pieniądz
time;czas
passed;minął
overtook;wyprzedził
your;swoją
era;epokę
next door;tuż
before;przed
ninth;dziewiątą
It passed;minęło
many;wiele
years;lat
no one;nikt
no;nie
know;wie
when;kiedy
created;stworzono
first;pierwszy
calendar;kalendarz
remember;pamiętamy
past;przeszłość
no;nie
we know;znamy
future;przyszłości
all;wszystko
It has;ma
your;swój
time;czas
and;i
place;miejsce
why;dlaczego
exactly;akurat
today;dzisiaj
He passed;minęła
second;druga
hour;godzina
it was;było
after;po
first;pierwszej
approaching;zbliża
himself;się
hour;godzina
tenth;dziesiąta
no;nie
wait;czekaj
already;już
longer;dłużej
born;urodził
himself;się
on;na
turn;przełomie
ages;wieków
before;przed
moment;chwilą
here;tutaj
It was;był
future;przyszłość
painting;maluje
himself;się
in;w
dark;ciemnych
colors;barwach
we knew;wiedzieliśmy
that;że
this;to
already;już
end;koniec
on;na
this;ten
year;rok
a few;kilka
hours;godzin
later;później
on;na
this;to
one must;trzeba
more;więcej
time;czasu
he had;musiał
this;to
be;być
end;koniec
October;października
no;nie
I remember;pamiętam
more precisely;dokładnej
the date;daty
in;w
one;jednej
time;chwili
church;kościół
emptied;opustoszał
had;musiało
be;być
already;już
after;po
sixteenth;szesnastej
clock;zegar
on;na
bonds;wieży
inside;wybił
midnight;północ
some;pewnego
March;marcowego
evening;wieczoru
once;raz
on;na
bake;pięć
years;lat
yet;jeszcze
a few;kilka
minutes;minut
no;nie
we had;musieliśmy
long;długo
wait;czekać
everywhere;wszędzie
around;dookoła
in;w
Nearby;pobliżu
border;granicy
with;z
Canada;kanadą
is;jest
wider;szerszy
about;o
meter;metr
village;wieś
moonflet;moonflet
is;leży
half;pół
mile;mili
from;od
sea;morza
on;na
right;prawym
or;czyli
west;zachodnim
shore;brzegu
the river;rzeczki
fleet;fleet
corridor;korytarz
he had;miał
two;dwa
steps;kroki
width;szerokości
steps;krokami
measured out;odmierzyła
distance;odległość
lay;leżał
over there;tam
without;bez
motion;ruchu
flashed;przemknęła
next to;obok
me;mnie
ran;pobiegli
with;z
back;powrotem
departed;odszedł
slowly;powoli
we were going;szliśmy
many;wiele
mil;mil
chaplain;kapelan
shook;pokręcił
head;głową
and;i
started;ruszył
further;dalej
steepled;zaplótł
hands;ręce
on;na
knee;kolanie
I drove;pojechałem
narrow;wąską
way;drogą
to;ku
the river;rzece
I think;myślę
that;że
no;nie
We will get;zajedziemy
far;daleko
both;obaj
they started;zaczęli
run;biec
we entered;weszliśmy
on;na
up;górę
after;po
ladder;drabinie
we were going;szliśmy
fast;szybko
headed;ruszyłem
through;przez
fields;łąki
in;w
page;stronę
church;kościoła
walking;chodząc
wafted;unosił
himself;się
on;na
toes;palcach
ran;biegała
faster;szybciej
than;niż
many;wielu
boys;chłopców
in;w
silence;ciszy
night;nocy
some;niektórzy
wounded;ranni
shouted;krzyczeli
but;ale
most;większość
was;była
quietly;cicho
I heard;usłyszałem
murmurs;szmery
and;i
rumbling;łoskoty
grass;trawa
creaked;trzeszczała
under;pod
my;moimi
feet;stopami
creepy;przerażająca
silence;cisza
crypt;krypty
she stayed;została
disrupted;zakłócona
I heard;słyszałem
murmur;szmer
receding;oddalających
himself;się
votes;głosów
echo;echo
my;mojego
own;własnego
voice;głosu
no;nie
I could;mogłem
withstand;wytrzymać
this;tej
tormenting;dręczącej
silence;ciszy
There was;panowała
silence;cisza
be heard;słychać
it was;było
only;tylko
scratching;chrobotanie
horses;koni
paled;zbladł
dark;ciemny
grenade;granat
night;nocy
steel;stał
himself;się
foggy;mglisto
Gray;szary
night;noc
already;już
ashen;poszarzała
all;wszystko
it was;było
pearly gray;perłowoszare
already;już
is;jest
dark;ciemno
darkens;ściemnia
himself;się
let;niech
will shine;rozbłyśnie
light;światło
rays;promienie
the sun;słońca
fell;wpadały
down;do
room;pokoju
light;światło
penetrated;przedzierało
himself;się
through;przez
door;drzwi
darkened;ściemniało
himself;się
shadow;cień
his;jego
hand;ręki
fell;padł
on;na
wall;ścianę
I saw;zobaczyłem
Sun;słońce
coming;wpadające
through;przez
window;okno
on;na
court;dworze
it was;było
dark;ciemno
it was;było
already;już
almost;prawie
dark;ciemno
on;na
court;dworze
dusk;zmierzchało
himself;się
moon;księżyc
very;bardzo
brightly;jasno
shines;błyszczy
on;na
lagoon;lagunie
falling;zapadał
dusk;zmierzch
darkness;mrok
thickened;zgęstniał
I saw;dostrzegłem
red;czerwony
reflection;odblask
on;na
curtains;zasłonach
I saw;ujrzałem
flash;błysk
blue;niebieskiego
light;światła
on;na
bow;dziobie
boats;łodzi
I switched off;zgasiłem
candle;świecę
candle;świeca
flickered;zamigotała
I saw;dojrzałem
thin;cieniutką
line;linię
light;światła
Sun;słońce
there;zachodzi
on;na
another;następną
night;noc
streak;smużka
brightness;jasności
pale;pobladła
again;znów
himself;się
creeps;wkrada
terrible;straszliwy
darkness;mrok
falling;zapadał
dusk;zmierzch
flame;płomień
faded;bladł
and;coraz
more;bardziej
candle;świeca
already;już
himself;się
dopalała;dopalała
