They will love you like a son;Pokochają cię jak syna
His mother died when he was 11 years old;Jego matka zmarła kiedy miał 11 lat
They were left fatherless;Zostali bez ojca
He was beaten by his parents;Rodzice go bili
She is the black sheep of the family;Jest czarną owcą rodziny
They raised seven adopted children;Wychowali siedmioro adoptowanych dzieci
Edgar was a baby when his father left the family;Edgar był dzieckiem kiedy jego ojciec porzucił rodzinę
He rarely saw his parents;Rzadko widywał się ze swoimi rodzicami 
He had two older sisters;Miał dwie starsze siostry 
The marriage had problems from the start;Małżeństwo miało problemy od początku 
She knew that her place was with her husband;Wiedziała że jej miejsce jest przy mężu 
Their marriage lasted only a few years;Ich małżeństwo wytrzymało tylko kilka lat 
He would not divorce his wife;Nie chciał rozwieść się z żoną 
Five years later they divorced;Pięć lat później rozwiedli się 
She was born into a poor rural family;Urodziła się w biednej wiejskiej rodzinie 
He has two other children from his first marriage;Ma dwoje dzieci z pierwszego małżeństwa 
He had seven children to support;Miał na utrzymaniu siedmioro dzieci 
She refused to divorce;Nie chciała się rozwieść 
The steam stood so thick on the glass inside;Para grubo osiadała na szybach 
We went upstairs each to our own room;Każde z nas poszło na górę do swojego pokoju 
The picture hung over the mantelpiece;Obraz wisiał nad kominkiem 
The bottom room was lit up;Izba na dole jest oświetlona 
In a little whitewashed room;W niewielkiej bielonej izbie 
I went to keep house with him;Zamieszkałem razem z nim 
The glass was out of the windows;W oknach nie było szyb 
A very heavy table polished by use;Bardzo ciężki stół wypolerowany przez zużycie 
There is a book on the table;Na stole leży książka 
The door was open;Drzwi były otwarte 
I looked in the door of the big room;Zajrzałem przez drzwi do dużego pokoju 
The room looked out on the courtyard;Pokój wychodził na podwórze 
My bed was made up with blankets;Moje łóżko było posłane i przekryte kocem 
At the foot of the bed was my flat trunk;W nogach łóżka stał mój płaski kuferek 
It was a fine low solid stone house;Był to piękny niski masywny dom z kamienia 
It was dark in the room;W pokoju było ciemno 
The door of the house was open and I went in;Drzwi domu były otwarte więc wszedłem do środka 
The plaster of the broken houses was gray and wet;Tynk porozbijanych domów był szary i mokry 
The windows were all shut;Wszystkie okna były pozamykane 
There are no forks;Nie ma widelców 
There were lighted candles on the table;Na stole stały zapalone świece 
Everything is in place;Wszystko jest na swoim miejscu 
When does your move take place;Kiedy się przeprowadzasz
They moved away from here;Wyprowadzili się stąd 
They moved back;Sprowadzili się z powrotem 
They moved in next door;Wprowadzili się obok 
We have to move out tomorrow;Jutro musimy się wyprowadzić 
The lamp hung from the ceiling;Lampa zwisała z sufitu 
The blinds were up;Rolety były podniesione 
They live three floors up from us;Mieszkają trzy piętra nad nami 
The table was up against the wall;Stół stał tuż przy ścianie 
We can rent a house;Możemy wynająć dom 
The room was carped;W pokoju był dywan 
It was dull enough;Było to strasznie nudne 
We went upstairs each to our own room;Każde z nas poszło na górę do swojego pokoju 
He rested his arms on the table;Oparł ręce o stół 
He stood up from the table;Wstał od stołu 
He took his feet off the table;Zdjął nogi ze stołu 
I stepped out into the street;Wyszedłem na ulicę 
He looked out of the window again;Znowu popatrzył przez okno 
He put his hand on my shoulder;Położył mi rękę na ramieniu 
He slapped his gloves on the edge of the bed;Strzepnął rękawiczkami o krawędź łóżka 
He took off his gloves;Zdjął rękawiczki 
He was sitting up beside one of the brick walls;On  Siedzi pod ścianą z cegieł 
He went out in the kitchen;Poszedł do kuchni 
He whacked me on the back;Klepnął mnie po plecach 
He wiped his hands on his jumper;Otarł ręce o sweter 
He wiped his mouth;Otarł usta 
I have to get washed;Muszę się umyć 
I have to go;Muszę już iść 
I haven’t been anywhere;Nigdzie nie byłem 
I looked at my watch;Spojrzałem na mój zegarek 
I sat at the table;Usiadłem przy stole 
I sat on a chair;Usiadłem na krześle 
I washed combed my hair and we went down the stairs;Umyłem się uczesałem i zeszliśmy na dół 
I went out the door and suddenly I felt lonely;Wyszedłem na dwór i nagle poczułem się samotny 
I went up to my room to wash;Poszedłem do mojego pokoju żeby się umyć 
We looked at each other;Popatrzyliśmy na siebie 
We sat down on a bench and I looked at her;Usiedliśmy na ławce i przyjrzałem się jej 
We sat on the flat stone bench;Usiedliśmy na płaskiej kamiennej ławce 
We walked along together through the town;Szliśmy razem przez miasto 
We walked on a way and were stopped under a tree;Przeszliśmy jeszcze kawałek i stanęliśmy pod drzewem 
We’ll have a walk and talk together;Pójdziemy na spacer i pogadamy 
We’re going home;Idziemy do domu 
While I rubbed myself with a towel I looked around the room;Wycierając się ręcznikiem rozglądałem się po pokoju 
Her favorite activity is cleaning;Jej ulubioną czynnością jest sprzątanie 
She was looking in the mirror;Przeglądała się w lustrze 
She stripped the blankets off the bed;Zdjęła koce z łóżka 
The room was stripped bare;Wyniesiono meble z pokoju 
He was buried in the vault under the church;Pochowano go w krypcie pod kościołem 
I kept away from the churchyard;Trzymałem się z dala od cmentarza 
I was sitting on this tomb looking out to sea;Siedziałem na tym nagrobku i patrzyłem na morze 
The dead were off to one side;Nieżywych układano na boku 
His memory lives on;Pamięć o nim żyje nadal 
She was buried near her house;Została pochowana w pobliżu swojego domu 
She was near death;Była blisko śmierci 
I wanted to commit suicide but I didn’t know how;Chcę popełnić samobójstwo ale nie wiem jak 
Two-minute silence for Hillsborough victims;Dwie minuty ciszy dla ofiar katastrofy w Hillsborough 
She died Tuesday at the age of eighty-eight;Zmarła we wtorek w wieku 88 lat 
Rachel was buried two days later;Rachel została pochowana dwa dni później 
Thousands of people gathered at his funeral;Tysiące ludzi zgromadziły się na jego pogrzebie 
His death shocked his fans;Jego śmierć zszokowała fanów 
Thousands of people came to her funeral;Tysiące ludzi przyszły na jej pogrzeb 
He died young;Zmarł w młodym wieku 
He spoke at the funeral service;Przemawiał na pogrzebie 
He died at the age of seventy-five;Zmarł w wieku siedemdziesięciu pięciu lat 
She died many years ago;Zmarła wiele lat temu 
He died of lung cancer;Zmarł na raka płuc 
She took her own life;Odebrała sobie życie 
She died as the result of too many drugs;Zmarła w wyniku przedawkowania narkotyków 
He will not have a state funeral;Nie będzie miał pogrzebu państwowego 
Poles to pay tribute to President Lech Kaczynski;Polacy oddają hołd prezydentowi Lechowi Kaczyńskiemu 
I will never forget you;Nigdy cię nie zapomnę 
The funeral was wonderful;Pogrzeb był wspaniały 
She is in mourning;Ona jest w żałobie 
I am too young to die;Jestem za młoda żeby umrzeć 
I can't die;Nie mogę umrzeć 
His death is a very great loss;Jego śmierć to wielka strata 
He passed away recently;Niedawno umarł 
President has declared three days of national mourning;Prezydent ogłosił trzy dni żałoby narodowej 
He died in his own bed;Zmarł we własnym łóżku 
I’ll drive and you sleep awhile;Ja poprowadzę a wy się trochę zdrzemniecie 
I slept a little;Zdrzemnąłem się trochę 
I don’t need much sleep;Nie potrzebuję dużo snu 
I had been nearly asleep;O mało nie zasnąłem 
I heard my aunt snoring;Usłyszałem chrapanie mojej ciotki 
He was not yet gone to bed;Jeszcze nie położył się do łóżka 
How long I slept I cannot tell;Nie potrafię powiedzieć jak długo spałem 
I couldn't get to sleep;Nie mogłem zasnąć 
She put her child to sleep;Położyła swoje dziecko spać 
She talks in her sleep;Ona mówi przez sen 
I slept through the alarm;Spałem dalej mimo że dzwonił budzik 
I don't sleep well;Nie sypiam dobrze 
The body rebuilds itself in sleep;Ciało regeneruje się podczas snu 
You should get some sleep;Powinieneś się trochę przespać 
He didn't sleep a wink;Nie zmrużył oka 
I had slept away a day;Przespałem cały dzień 
At first I thought I was in my own bed;Myślałem zrazu że leżę we własnym łóżku 
In my bed for thinking of many things;Leżąc w łóżku rozmyślałem o wielu rzeczach 
I felt sleep heavy on my eyelids;Byłem tak senny że oczy mi się kleiły 
e woke when he heard me in the room and sat up;Kiedy usłyszał mnie w pokoju przebudził się i usiadł 
We’ll be hungry when we wake up;Będziemy głodni jak się obudzimy 
After a while I woke him and we started;Po pewnym czasie zbudziłem go i ruszyliśmy w drogę 
I sleep with the window open;Śpię przy otwartym oknie 
He was snouring loudly;Głośno chrapał 
The teacher explained the theory point by point;Nauczyciel wyjaśnił teorię punkt po punkcie 
He was marked down for bad spelling;Obniżono mu ocenę za błędy ortograficzne 
I learn foreign languages;Uczę się języków obcych 
She is doing fell at school;W szkole dobrze jej idzie 
She went to school;Poszła do szkoły 
He is good at maths;Jest dobry z matematyki 
She attends English courses;Chodzi na kursy angielskiego 
He did not like classes;Nie lubił zajęć 
What is the best way to learn a new language;Jak najlepiej uczyć się nowego języka
She finished high school at the age of fifteen;W wieku piętnastu lat ukończyła szkołę średnią 
She learned French quickly;Szybko nauczyła się języka francuskiego 
He stopped attending school when he was 12 years old;Przestał uczęszczać do szkoły kiedy miał 12 lat 
They don’t want to go to school;Nie chcą chodzić do szkoły 
Mathematics is child's play to him;Matematyka jest dla niego dziecinnie prosta 
When I got back from school;Kiedy wróciłem ze szkoły 
We attend the same school;Chodzimy do tej samej szkoły 
There was no school today;Dzisiaj nie było lekcji 
To pass an exam with flying colours;Zdać egzamin śpiewająco 
I can't be bothered to do homework;Nie chce mi się odrabiać lekcji 
At school she was an excellent pupil;W szkole była świetną uczennicą 
His hair had got awry;Zmierzwiły mu się włosy 
His face was drawn with heavy lines;Jego twarz pożłobiły głębokie bruzdy 
There were rings under his eyes;Miał podkrążone oczy 
He was a sorry sight enough;Przedstawiał opłakany widok 
He had a thin face;Miał chudą twarz 
She was tall for her age;Była wysoka jak na swój wiek 
He was a man of fifty with a shock of grizzled hair;Był to człowiek 50-letni ze strzechą siwiejących włosów 
His frame was thick-set and still immensely strong;Był krępy i wciąż jeszcze bardzo silny 
His hair was gray;Miał siwe włosy 
I thought she was very beautiful;Wydała mi się bardzo piękna 
She did not seem tall walking toward me;Kiedy szła ku mnie nie wydała mi się wysoka 
She had thick full lips and black eyes;Miała grube pełne wargi i czarne oczy 
She looked very lovely;Wyglądała bardzo ładnie/ślicznie 
She was blonde and had a tawny skin and gray eyes;Miała blond włosy smagłą cerę i szare oczy 
She was plump and dark and looked about sixteen;Była pulchna smagła i wyglądała na około szesnaście lat 
The major was a little man with upturned mustaches;Major był małym człowieczkiem z podkręcanymi wąsami 
The woman has a pale face with dark hair;Kobieta ma bladą twarz i ciemne włosy 
She did not wear make-up;Nie nosiła makijażu 
His face was wrinkled;Miał pomarszczoną twarz 
She changed her hair color;Zmieniła kolor włosów 
He wears his hair brushed back;On nosi włosy zaczesane do tyłu 
He got a tattoo;Zrobił sobie tatuaż 
They all wore beards;Wszyscy nosili brodę 
His head was shaved;Był ostrzyżony na zero 
He is beginning to go bald;Zaczął łysieć 
He looked like an aristocrat;Wyglądał jak arystokrata 
How to stop smoking;Jak rzucić palenie
Smoking tobacco is bad for your health;Palenie tytoniu szkodzi zdrowiu 
Smoking tobacco is the leading cause of lung disease;Palenie tytoniu jest najczęstszą przyczyną chorób płuc 
Smokers may harm the health of family members;Palacze mogą szkodzić zdrowiu członków rodziny 
Smoking even a small number of cigarettes is dangerous;Niebezpieczne jest nawet palenie małej liczby papierosów 
Nicotine is a poison;Nikotyna jest trucizną 
Nicotine is the major substance in cigarettes;Nikotyna to główny składnik papierosów 
Menthol cigarettes may be more dangerous;Papierosy mentolowe mogą być bardziej niebezpieczne 
It is not easy to stop smoking permanently;Niełatwo rzucić palenie na zawsze 
You probably will live longer if you do stop smoking;Jeśli rzucisz palenie prawdopodobnie będziesz żył dłużej 
More than one billion people around the world are smokers;Ponad miliard ludzi na całym świecie pali papierosy 
Smoking kills an estimated five million people every year;Palenie każdego roku zabija około pięć milionów osób 
Smoking increased the risk of Alzheimer’s;Palenie zwiększa ryzyko choroby Alzheimera 
People who smoke are not only hurting themselves;Palacze szkodzą nie tylko sobie 
Smoking ban in public places;Zakaz palenia w miejscach publicznych 
Smoke-filled bars and restaurants;Zadymione bary i restauracje 
He smokes a packet of cigarettes a day;Wypala paczkę papierosów dziennie 
He rolls his own cigarettes;Sam sobie skręca papierosy 
He drank himself into oblivion;Upił się do nieprzytomności 
He poured two glasses and we touched them;Nalał dwie szklanki i trąciliśmy się 
I drank the cognac and felt it warm all the way down;Wypiłem koniak i poczułem jak mnie rozgrzewa w środku 
I drank the wine and it did not make me feel good;Wypiłem wino ale nie poczułem się lepiej 
I held the glass for some more cognac;Nadstawiłem szklankę żeby mi jeszcze nalał koniaku 
We drank rum and it was very friendly;Piliśmy rum w bardzo przyjaznym nastroju 
He never got drunk himself;Nigdy się nie upijał 
He took out from a cupboard a little round long-necked bottle;Wyjął z kredensu małą okrągłą flaszkę z długą szyjką 
He loved a glass of the good liquor well;Lubił szklaneczkę dobrego trunku 
Are you mad or has the liquor mastered you;Powariowaliście czy może trunek uderzył wam do głów
What the liquor was I do not know;Nie wiem co to był za trunek 
I stuck my fingers in my ears;Zatkałem uszy palcami 
I shut my eyes;Zamknąłem oczy 
I think there was one listening at the door;Wydaje mi się że ktoś podsłuchiwał za drzwiami 
I heard every word spoken;Słyszałem każde słowo 
The stable smelt dry and pleasant in the rain;Po deszczu pachniało w stajni sucho i przyjemnie 
I saw nothing;Nic nie zauważyłem 
I smelled the hay;Czułem woń siana 
It tasted of rusty metal;Miało to smak zardzewiałego metalu 
We stood there in the rain and listened to this;Staliśmy na deszczu przysłuchując się temu 
While I was looking at him he opened his eyes;Kiedy na niego patrzyłem otworzył oczy 
I can’t see from one eye;Nie widzę na jedno oko 
We cannot see it;Nie możemy tego zobaczyć 
I heard them going upstairs;Słyszałem jak wchodzili na górę 
I smelled the hay;Czułem woń siana 
His patience wore thin;Jego cierpliwość jest na wyczerpaniu 
You owe me an apology;Jesteś mi winny przeprosiny 
Feelings ran high;Emocje rozgorzały 
She said she hated life;Mówiła że nienawidzi życia 
I got angry;Zdenerwowałem się 
She said in a cold and measured voice;Powiedziała równym suchym głosem 
I measured him up and down;Zmierzyłem go wzrokiem 
The girl looked at me fiercely;Dziewczyna spojrzała na mnie srogo 
We two were talking while the others argued;My dwaj rozmawialiśmy tymczasem reszta się kłóciła 
His face darkened when he saw me;Na mój widok spochmurniał 
The blood went pounding round and round in my head;Krew uderzyła mi do skroni 
I felt the devil rise in my heart;Poczułem diabła w sercu 
There is nothing to fear;Nie ma się czego bać 
I am not scared of you;Nie boję się ciebie 
She is terrified of spiders;Ona strasznie boi się pająków 
There is nothing to be afraid of;Nie ma się czego bać 
I did not feel so sure;Straciłem pewność siebie 
Then a horror of the darkness seized me;Ogarnął mnie strach przed ciemnością 
At the churchyard wall my courage had waned somewhat;Przy cmentarnym murze odwaga całkiem mnie opuściła 
My heart beat very fiercely;Serce waliło mi bardzo mocno 
Sweat ran all over me;Oblałem się potem 
He chickened out of going;Stchórzył i nie poszedł
He gasped in dismay;Zamarł z przerażenia
Her nerves were frayed;Była kłębkiem nerwów
His hair stood on end;Włosy stanęły mu dęba 
It was a great weight off my mind;Spadł mi kamień z serca 
There was a look of horror on her face;Na jej twarzy widać było przerażenie 
She was shaking with fright;Drżała ze strachu 
I hurt her feelings;Zraniłem jej uczucia 
I fell in love with her;Zakochałem się w niej 
They loved each other very much;Bardzo się kochali 
He remained the love of her life;Pozostał miłością jej życia 
We understood each other very well;Rozumieliśmy się doskonale 
We were great friends;Bardzo się przyjaźniliśmy 
They don’t trust us;Nie mają do nas zaufania 
We don't like the English;Nie lubimy Anglików 
We all hated her father;Wszyscy nienawidziliśmy jej ojca 
We liked her well;Bardzo ją lubiliśmy 
We bred up a boy-and-girl affection;Zrodziło się między nami dziecinne uczucie 
She felt drawn towards him;Poczuła do niego sympatię 
She was trying to turn me against him;Próbowała nastawić mnie przeciwko niemu 
They had words;Doszło między nimi do ostrej wymiany zdań 
They hate each other;Nienawidzą się 
He looked daggers at me;Rzucił mi spojrzenie pełne nienawiści 
Our enemies are on the move;Nasi wrogowie nie śpią 
Poe suffered from depression;Poe cierpiał na depresję 
She fell ill with flu;Zachorowała na grypę 
The virus rarely spreads from person to person;Wirus rzadko przenosi się z człowieka na człowieka 
The bird flu vaccine is safe;Szczepionka na ptasią grypę jest bezpieczna 
The virus spreads through the air;Wirus przenosi się drogą kropelkową 
The flu causes muscle pain;Grypa powoduje ból mięśni 
The flu can kill;Grypa może zabijać 
The body's defense system produces antibodies;Układ immunologiczny produkuje przeciwciała 
There were two other flu pandemics in the twentieth century;W dwudziestym wieku były dwie pandemie grypy 
Doctors do not know what causes asthma;Lekarze nie wiedzą co powoduje astmę 
Multiple sclerosis is different from other diseases;Stwardnienie rozsiane różni się od innych chorób 
Living with multiple sclerosis is never easy;Życie ze stwardnieniem rozsianym nie jest łatwe 
The nervous system is the main target of the disease;Układ nerwowy jest głównym celem choroby 
He is fighting for his life;Walczy o życie 
He fought cancer successfully;Wygrał walkę z rakiem 
The doctors think she won't live;Lekarze uważają że nie przeżyje 
He was sent to a mental hospital;Został wysłany do szpitala psychiatrycznego 
She had treatment with radiation;Przeszła radioterapię 
Today she feels fine;Obecnie czuje się świetnie 
They have no health insurance;Nie mają ubezpieczenia zdrowotnego 
The health care system;System opieki zdrowotnej 
There is no hope for him;Nie ma dla niego nadziei 
She seemed to get better;Wydawało się że jej stan się poprawia 
The treatments made it easier for him to breathe;Leczenie ułatwiło mu oddychanie 
He takes medicines every day;Codziennie bierze leki 
They should go to the doctor for medical examinations;Powinni chodzić do lekarza na badania 
They have problems thinking after taking drugs;Po zażyciu leków mają problem z koncentracją 
The patient must be in a hospital;Pacjent musi pozostać w szpitalu 
Aspirin thins the blood;Aspiryna rozcieńcza krew 
Doctors usually prescribe opiate drugs;Lekarze często przepisują opiaty 
She takes medicines daily;Ona codziennie bierze lekarstwa 
His leg hurts;Boli go noga 
I'm aching all over;Wszystko mnie boli 
She is very sick and weak;Jest bardzo chora i słaba 
She was unconscious for three weeks;Przez trzy tygodnie była nieprzytomna 
When she woke up she could not speak;Kiedy się obudziła nie mogła mówić 
He was paralyzed from the neck down;Był sparaliżowany od szyi w dół 
The seizure will stop on its own;Atak choroby ustąpi samoistnie 
Chronic pain may go away but it often comes back;Przewlekły ból może ustąpić ale często powraca 
The problems appear suddenly;Problemy pojawiają się nagle 
Have you had a headache recently;Czy ostatnio bolała cię głowa
He appeared in many movies;Wystąpił w wielu filmach 
The movie are based on real events;Film jest oparty na rzeczywistych wydarzeniach 
She soon started appearing in small roles;Wkrótce zaczęła pojawiać się w małych rolach 
Hollywood filmmakers became interested in her;Zainteresowali się nią holywoodzcy reżyserzy 
Her first movie came out in nineteen thirty-two;Jej pierwszy film wszedł na ekrany w 1932 
By the end of the movie;Na końcu filmu 
She liked to play the roles of strong women;Lubiła grać silne kobiety 
One of Katharine Hepburn’s most famous roles;Jedna z nasłynniejszych ról Kathariny Hepburn 
She starred in her last movie;Wystąpiła w swoim ostatnim filmie 
He died a few weeks after filming ended;Zmarł kilka tygodni po zakończeniu zdjęć do filmu 
People still enjoy her films;Ludziom nadal podobają się jej filmy 
She received an award for best actress;Otrzymała nagrodę dla najlepszej aktorki 
She received an nomination for her role in  ;Otrzymała nominację za rolę w   
She also appeared in many television programs;Pojawiała się również w wielu programach telewizyjnych 
She was very careful about choosing her roles in films;Była bardzo ostrożna przy wyborze ról w filmach 
One of the most costly movies ever made;Jeden z najdroższych filmów wszech czasów 
Elizabeth Taylor would quickly become as famous;Elizabeth Taylor szybko stała się sławna 
Her alcoholic husband is played by Paul Newman;Jej męża alkoholika zagrał Paul Newman 
Critics praised her;Krytycy ją chwalili 
She played a lonely woman;Zagrała samotną kobietę 
She hated seeing herself in the movies;Nienawidziła oglądać siebie w filmach 
She has written screenplays for movies;Napisała scenariusze do filmów 
She never thought of herself as a movie actress;Nigdy nie myślała o sobie jako aktorce filmowej 
She was not accepted in Hollywood;Nie była akceptowana w Hollywood 
I can dance and sing too;Potrafię i tańczyć i śpiewać 
She practises the piano;Ćwiczy grę na pianinie 
He gives her singing lessons;Daje jej lekcje śpiewu 
She sings in tune;Śpiewa czysto 
She plays musical instruments;Gra na instrumentach muzycznych 
One of the best known bands was Nirvana;Jednym z najbardziej znanych zespołów była Nirvana 
He began to paint;Zaczął malować 
Paintings showed normal scenes from life;Obrazy przedstawiały normalne sceny z życia 
Edward knew he wanted to be a painter;Edward wiedział że chce zostać malarzem 
This kind of painting is called commercial art;Ten rodzaj malarstwa nazywany jest sztuką komercyjną 
They liked to paint normal people;Lubili malować zwykłych ludzi 
Paint what you feel;Maluj co czujesz 
Paint what you see;Maluj co widzisz 
Paint what is real to you;Maluj co jest dla ciebie rzeczywistością 
He had a show of his work at a gallery in New York;Wystawiał swoje prace w galerii w Nowym Jorku 
Very few people bought his paintings;Tylko nieliczni kupili jego obrazy 
People were not interested in his simple realistic style;Ludzi nie interesował jego prosty realistyczny styl 
He sold many pictures;Sprzedał dużo obrazów 
He became famous for paintings that are mysterious;Zasłynął tajemniczymi obrazami 
He painted his most famous work;Namalował swoje najsłynniejsze dzieło 
The painting now hangs in a museum;Obecnie obraz wisi w muzeum 
He often painted three pictures in one day;Często malował trzy obrazy w ciągu jednego dnia 
Andy Warhol was much more than just a painter;Andy Warhol był kimś więcej niż tylko malarzem 
In the portrait he looks bigger than he was in real life;Na portrecie wygląda na wyższego niż w rzeczywistości 
He learned how to paint and sculpt;Nauczył się malować i rzeźbić 
She decided to return to the stage;Zdecydowała się powrócić na scenę 
She starred in a play called  ;Zagrała w sztuce pod tytułem   
The play was a great success;Sztuka odniosła wielki sukces 
He immediately bought the legal rights to the play;Natychmiast kupił prawa do sztuki 
She suffered from stage fright;Miała tremę 
Patricia began acting as a teenager;Zaczęła występować jako nastolatka 
Jessica's older brothers showed an interest in the theater;Starsi bracia Jessici okazywali zainteresowanie teatrem 
Jessica loved going to the theater;Jessica kochała chodzić do teatru 
She acted in many of Shakespeare's plays;Zagrała w wielu sztukach Shakespeare'a 
She performed in her first play;Po raz pierwszy zagrała w sztuce 
She continued to work in the theater in London;Nadal pracowała w londyńskim teatrze 
His mother was an actress in the local theater;Jego matka była aktorką w miejscowym teatrze 
She got only small parts;Dostawała tylko małe role 
The play is both funny and serious;Sztuka jest zabawna i poważna zarazem 
Her teacher was the well-known playwright;Jej nauczycielem był bardzo znany dramaturg 
They played to full houses;Grali dla pełnej widowni 
The play was first performed in London;Sztuka po raz pierwszy została wystawiona w Londynie 
Tonight we are going to the theatre;Wieczorem idziemy do teatru 
The performance was brilliant;Przedstawienie było świetne 
He was one of the first black writers;Był jednym z pierwszych czarnych pisarzy 
He wrote for almost fifty years;Pisał prawie przez pięćdziesiąt pięć lat 
He was famous for his descriptions of black American life;Zasłynął opisami życia czarnych Amerykanów 
His work is known all around the world;Jego dzieła są znane na całym świecie 
His work has been translated into many languages;Jego dzieła zostały przetłumaczone na wiele języków 
Hughes’s poetry had serious messages;Poezja Hughesa zawierała poważne przesłania 
He loved to write while sitting in clubs listening to blues;Kochał pisać siedząc w klubach i słuchając bluesa 
Women read more literature than men;Kobiety czytają literaturę częściej niż mężczyźni 
People discuss books over the Internet;Ludzie dyskutują o książkach w internecie 
She wrote seven books;Napisała siedem książek 
The story takes place in a small Florida town;Akcja rozgrywa się w małym mieście na Florydzie 
Her second book was published three years later;Jej druga książka została wydana trzy lata później 
She wrote the book in seven weeks;Napisała książkę w ciągu siedmiu tygodni 
It is the story of a black woman’s search for happiness;To historia Murzynki szukającej szczęścia 
She published a story about her own life;Opublikowała historię swojego życia 
She wrote more than one hundred books;Napisała ponad sto książek 
I read about it in the paper;Czytałem o tym w gazecie 
She began to write articles for newspapers and magazines;Zaczęła pisać artykuły dla gazet i czasopism 
Many people criticized the article;Wielu ludzi krytykowało artykuł 
She often appeared on television;Często występowała w telewizji 
Millions of Americans read the magazine every week;Miliony Amerykanów czytają czasopismo co tydzień 
The media often wrote about love affairs;Media często pisały o jej romansach 
Soon people all over the country were watching it;Wkrótce ludzie na całym świecie mogli to obejrzeć 
He never became president;Nigdy nie został prezydentem 
The American government was very weak;Amerykański rząd był bardzo słaby 
For the good of the nation;Dla dobra narodu 
All were loyal to Thomas Jefferson;Wszyscy byli lojalni Thomasowi Jeffersonowi 
In the first year of Jefferson’s presidency;W pierwszym roku prezydentury Jeffersona 
He reduced the number of ambassadors;Zmniejszył liczbę ambasadorów 
A period of great change;Okres wielkich zmian 
Congress approved the resolution in October;Kongres przyjął rezolucję w październiku 
He was forced to resign;Został zmuszony do rezygnacji 
He focused much of his attention on foreign policy;Wiele uwagi skupił na polityce zagranicznej 
The negotiations were completed at the end of year;Negocjacje zakończyły się pod koniec roku 
Bulgaria's biggest political party;Największa partia polityczna w Bułgarii 
He came to power in a coup;Doszedł do władzy w wyniku zamachu stanu 
The army seized power;Armia przejęła władzę 
Guinea-Bissau has a long history of coups;Gwinea-Bissau ma długą historię zamachów stanu 
The head of the party;Prezes partii 
The German Embassy has not commented on the statement;Ambasada Niemiec nie skomentowała oświadczenia 
Mr Zeman will replace the eurosceptic Vaclav Klaus;Zeman zastąpi eurosceptyka Vaclava Klausa 
He won the next election;Wygrał następne wybory 
He travelled around the state gathering support;Podróżował po całym stanie zbierając poparcie 
Political experts gave him little chance;Eksperci dawali mu małe szanse 
On the first ballot;W pierwszym głosowaniu 
The Democrats bought votes;Demokraci kupowali głosy 
This time they voted for the opposition;Tym razem zagłosowali na opozycję 
We hope for a change of government;Mamy nadzieję na zmianę rządu 
The coalition won 133 of the 222 in parliamentary seats;Koalicja uzyskała 133 z 222 miejsc w parlamencie 
41% of voters had cast their ballots;41% wyborców oddało swoje głosy 
More than 250 observers are monitoring election;Ponad 250 obserwatorów monitoruje przebieg wyborów 
The parties broke campaign silence;Partie złamały ciszę wyborczą 
He was elected president in 2009;Został wybrany na prezydenta w 2009 roku 
Pakistanis are voting in parliamentary elections;Pakistańczycy wybierają parlament 
Former PM has won the presidential election;Były premier wygrał wybory prezydenckie 
He won 55% of votes in the second-round poll;W drugiej turze otrzymał 55% głosów 
The Vietnam War is history;Wojna wietnamska to już historia 
The future of the nation looks bright;Przyszłość narodu rysuje się jasno 
The religious wars known as the Crusades;Wojny religijne znane jako krucjaty 
They established trading colonies in Africa;Założyli kolonie handlowe w Afryce 
It was the first day of America's war for independence;Była to pierwsza amerykańska wojna o niepodległość 
The Battle for Quebec was the turning point in the conflict;Bitwa o Quebec była punktem zwrotnym konfliktu 
The Soviet Union collapsed in nineteen ninety-one;Związek Radziecki rozpadł się w 1991 
It was a big event;To było wielkie wydarzenie 
German soldiers marched through France;Niemieccy żołnierze przemaszerowali przez Francję 
France was forced to sign a treaty;Francja została zmuszona do podpisaniu traktatu 
East Timor was a colony of Portugal;Timor Wschodni był portugalską kolonią 
One of Serbia's allies was Russia;Jednym z serbskich sojuszników była Rosja 
The United States had become a world power;Stany Zjednoczone stały się mocarstwem 
It is a well paid job;To dobrze płatna praca 
Unemployment is high;Bezrobocie jest wysokie 
Thousands of hotel workers lost their jobs;Tysiące pracowników hoteli straciło pracę 
During summer he worked as a lifeguard at a river;W lecie pracował jako ratownik nad rzeką 
Unemployment stands at nearly 18%;Bezrobocie pozostaje na poziomie około 18% 
White people have little chance of getting a job;Biali mają małe szanse na znalezienie pracy 
He tried to find work;Próbował znaleźć pracę 
He had problems finding work because he was black;Miał problemy ze znalezieniem pracy bo był czarny 
Millions more have stopped looking for work;Miliony osób przestały szukać pracy 
Many people lost their jobs;Dużo osób straciło pracę 
The highest paying group of jobs is in management;Najlepiej płatną pracę mają menedżerowie 
Unemployment has risen to eighteen-percent;Bezrobocie wzrosło do osiemnastu procent 
He was not happy with this work;Ta praca nie dawała mu szczęścia 
He earned a little money;Zarabiał mało pieniędzy 
She earned over one million dollars;Zarobiła ponad milion dolarów 
Inflation will grow furt;Inflacja będzie rosła 
He failed to pay income tax;Nie zapłacił podatku dochodowego 
Everyone must pay taxes;Wszyscy muszą płacić podatki 
The taxpayers will pay for it;Zapłacą za to podatnicy 
The economy is improving;Poprawia się sytuacja w gospodarce 
The American economy recovered from a recession;Amerykańska gospodarka wychodziła z recesji 
Inflation and unemployment were low;Inflacja i bezrobocie były niskie 
Tax rates increase as earnings increase;Stopy podatkowe rosną wraz z wysokością zarobków 
Earnings below that amount are taxed at lower rates;Zarobki poniżej tej kwoty są niżej opodatkowane 
All Americans will have some kind of tax increase;Wszyscy Amerykanie odczują podwyżkę podatków 
Budget cuts reduce costs;Cięcia budżetowe redukują koszty 
Investors are concerned about huge public debt;Inwestorów martwi ogromny dług publiczny 
Uruguay received an emergency loan;Urugwaj otrzymał pożyczkę ratunkową 
We will not raise taxes;Nie podniesiemy podatków 
He is up to his neck in debt;Tkwi w długach po uszy 
We live on credit;Żyjemy na kredyt 
The debt must be paid;Dług musi zostać spłacony 
They could not pay their mortgage loans;Nie byli w stanie spłacać pożyczek hipotecznych 
When banks failed people lost everything;Kiedy banki padały ludzie tracili wszystko 
The biggest bank collapse in American history;Największy upadek banku w historii Ameryki
She had one dustup with the law;Raz weszła w konflikt z prawem 
A curfew has been imposed on the town;W mieście wprowadzono godzinę policyjną 
We have to abide by the law;Musimy przestrzegać prawa 
Police searched her home;Policja przeszukała jej dom 
She was charged with murder;Postawiono jej zarzut zabójstwa 
He showed no remorse;Nie okazał skruchy 
After a lengthy interrogation;Po długim przesłuchaniu 
She stuck a pistol in the pilot's neck;Przyłożyła pistolet do szyi pilota 
The rape of a tourist;Gwałt na turystce 
Robberies are common in Rio de Janeiro;Napady są powszechnym zjawiskiem w Rio de Janeiro 
The 63-year-old was captured by French special forces;63-latek został ujęty przez francuskie siły specjalne 
They held him for questioning;Zatrzymali go w celu przesłuchania 
He has been ordered not to leave the city;Zakazano mu wyjeżdżać z miasta 
Unlawful possession of weapons;Nielegalne posiadanie broni 
The man has five convictions;Mężczyzna był pięciokrotnie karany 
Four people have been questioned;Przesłuchano cztery osoby 
The police arrived after 20 minutes;Policja przyjechała po 20 minutach 
People taking the law into their own hands;Ludzie biorą sprawiedliwość w swoje ręce 
The crime is punishable by death;Za przestępstwo grozi kara śmierci 
A curfew has been lifted;Godzina policyjna została zniesiona 
She failed lie-detector test;Nie przeszła testu na wykrywaczu kłamstw 
We never killed anyone;Nigdy nikogo nie zabiliśmy 
To ascertain the facts;Ustalić fakty 
They were not policemen;To nie byli policjanci 
The two policemen climbed out of their patrol car;Dwóch policjantów wyskoczyło z radiowozu 
The two policemen stepped into the room;Dwóch policjantów weszło do pokoju 
The murders remain unsolved;Zabójstwa pozostają niewyjaśnione 
He showed no mercy;Nie znał litości 
He paid out millions of dollars in bribes;Wydawał miliony dolarów na łapówki 
He noticed a suspicious looking car;Zauważył podejrzany samochód 
They took aim and opened fire;Wycelowawszy otworzyli ogień 
He was out on a parole;Był na zwolnieniu warunkowym 
He was finished with crime;Skończył z karierą przestępczą 
He formed a gang;Założył gang 
He didn't want to kill a man;Nie chciał zabić człowieka 
Nobody was ever prosecutded for the murder;Za morderstwo nigdy nikogo nie ścigano 
He never killed anyone;Nigdy nikogo nie zabił 
Their days of freedom were numbered;Ich dni na wolności były policzone 
He disappeared into the crowd;Zniknął w tłumie 
The couple were arrested at their home in Marburg;Para została aresztowana w swoim domu w Marburgu 
She heard five shots;Usłyszała pięć strzałów 
His body lay in the street;Jego ciało leżało na ulicy 
She trusted him with a knife;Pchnęła go nożem 
The judge inflicted a severe penalty on him;Sędzia wymierzył mu surową karę 
President rejected a mercy petition;Prezydent odrzucił petycję o ułaskawienie 
He did not receive a fair trial;Nie miał sprawiedliwego procesu 
Prosecutors were demanding an eight-year sentence;Prokuratorzy żądali kary ośmiu lat pozbawienia wolności 
The trial lasted for 12 days;Proces trwał 12 dni 
He had fought two trials and won;Miał dwa procesy i oba wygrał 
The trial went on for nine days;Proces trwał dziewięć dni 
He cried when they read the sentence;Płakał kiedy odczytywano wyrok 
He was not allowed to make an explanation;Nie pozwolono mu złożyć wyjaśnień 
He proved his innocence;Udowodnił że jest niewinny 
The President created new courts;Prezydent utworzył nowe sądy 
He named new judges;Mianował nowych sędziów 
The soldiers were tried in court for murder;Żołnierze stanęli przed sądem za morderstwo 
Most of them were found innocent;Większość z nich uniewinniono 
They received minor punishments;Otrzymali łagodne kary 
The jugde heard arguments by lawyers on both sides;Sędzia wysłuchał argumentów prawników obu stron 
The court is independent;Sąd jest niezawisły 
The trial was moved out of Los Angeles;Proces został przeniesiony poza Los Angeles 
The jury found the officers not guilty;Ława przysięgłych uniewinniła oficerów 
Francisco is serving a sentence for murder;Francisco odsiaduje karę za zabójstwo 
You can reduce your sentence if you study and work;Możesz skrócić karę jeżeli uczysz się i pracujesz 
I got seven years for stealing seven mangos;Dostałem siedem lat za kradzież siedmiu owoców mango 
I've never been to prison before;Nigdy wcześniej nie byłem w więzieniu 
I want to get out;Chciałbym wyjść z więzienia 
She tried to run away several times;Próbowała uciec kilka razy 
The prison is divided into 9 units;Więzienie jest podzielone na 9 bloków 
He was serving two life sentences;Odsiaduje karę podwójnego dożywocia 
The women have been in jail since March;Kobiety od marca przebywają w areszcie 
He spent 18 months in jail;Spędził 18 miesięcy w więzieniu 
The escape was first in 40 years;To była pierwsza ucieczka od 40 lat 
The prison was waking up;Więzienie budziło się 
Three guards had come for him;Przyszło po niego trzech strażników 
They were free;Byli wolni 
All the prisoners were locked in the cells;Wszyscy więźniowie byli zamknięci w celach 
There was a workshop in the prison;W więzieniu był warsztat 
She was crying in her cell;Płakała w swojej celi 
He spent six years in jail;Spędził sześć lat w więzieniu 
The jail houses 838 inmates;W więzieniu przebywa 838 skazanych 
Inmates began fighting among themselves;Więźniowie zaczęli walczyć ze sobą 
Inmates had demanded better conditions;Więźniowie żądali poprawy warunków 
Inmates have taken control of a prison;Więźniowie przejęli kontrolę nad więzieniem 
Nearly 360 prisoners died in the fire;Blisko 360 więźniów zginęło w pożarze 
Prisoner attacked a guard with a knife;Więzień zaatakował strażnika nożem 
Prisoners seized control of part of the jail;Więźniowie przejęli kontrolę nad częścią więzienia 
Prisons here are time bombs;Tutejsze więzienia to bomba zegarowa 
Prisons hold some 13000 inmates;W więzieniach odsiaduje kary około 13000 więźniów 
The rebellion erupted on Monday;Bunt wybuchł w poniedziałek 
They trust him into the cell;Wepchnęli go do celi 
She served four years;Odsiedziała cztery lata 
The fight continues and it will continue;Walka trwa i będzie trwała 
Soon they will destroy us;Wkrótce nas zniszczą 
Two air strikes in 48 hours;Dwa naloty w ciągu 48 godzin 
France withdrew around 100 of its 4000 troops;Francja wycofała 100 z 4000 żołnierzy 
The declaration meant war;Deklaracja oznaczała wojnę 
All planes had returned safely;Wszystkie samoloty bezpiecznie wróciły do bazy 
There were heavy losses on both sides;Obie strony poniosły poważne straty 
Some 55000 soldiers were injured or killed;Około 55 tysięcy żołnierzy poległo lub zostało rannych 
Turkey's territory has been hit by fire from Syria;Terytorium Turcji zostało ostrzelane z Syrii 
The French had military bases in the cities of Quebec;Francuzi mieli bazy wojskowe w Quebecu i Montrealu 
He fought with the Dutch resistance;Walczył w holenderskim ruchu oporu 
The Italian people didn't want a war;Włosi nie chcieli wojny 
He had lost more than twenty friends to the war;Stracił na wojnie ponad dwudziestu przyjaciół 
Rebels took control of large parts of the city;Rebelianci przejęli kontrolę nad dużą częścią miasta 
100 of the enemy were killed;Zabito 100 osób z wrogiej armii 
France launches ground offensive in Mali;Francja rozpoczęła ofensywę lądową w Mali 
Islamist rebels retake town in Mali;Islamscy rebelianci odbili malijskie miasto 
I killed our enemies;Zabijałem naszych wrogów 
Soldiers killed some 1000 people;Żołnierze zabili około 1000 osób 
At night we could see the flashes from the artillery;Nocami widzieliśmy błyski artylerii 
The attack would cross the river up above the narrow gorge;Natarcie przejdzie przez rzekę powyżej wąskiego wąwozu 
I am very tired of this war;Jestem bardzo zmęczony tą wojną 
Next week the war starts again;W przyszłym tygodniu wojna zaczyna się na nowo 
The bullet went into the mud of the embankment;Kula utkwiła w błotnistym stoku wału 
The fighting is over;Walki się zakończyły 
The next night the retreat started;Następnej nocy rozpoczął się odwrót 
The orders are that we stay here;Rozkazy brzmią że mamy tutaj zostać 
The pistol did not fire;Pistolet nie wystrzelił 
There is no finish to a war;Wojna nie ma końca 
There is nothing worse than war;Nie ma nic gorszego od wojny 
There was another attack just after daylight;Zaraz po świcie nastąpiło następne natarcie 
There was no need to confuse our retreat;Nie mieli potrzeby wprowadzać zamętu w nasz odwrót 
War is not won by victory;Wojny nie wygrywa się zwycięstwem 
We were supposed to wear steel helmets;Mieliśmy rozkaz noszenia stalowych hełmów 
You can’t order us;Nie możesz nam rozkazywać 
Up the river the mountains had not been taken;Nie udało się zdobyć gór za rzeką 
Soldiers came and burnt our houses;Żołnierze przyszli i spalili nasze domy 
Soldiers returned fire;Żołnierze odpowiedzieli ogniem 
Azerbaijan and Armenia fought a brutal war;Azerbejdżan i Armenia stoczyły brutalną wojnę 
A tenuous ceasefire;Kruche zawieszenie broni 
They defended their country;Bronili swojej ojczyzny 
The missile hit the target;Rakieta trafiła w cel 
They signed a treaty ending thirty years of war;Podpisali traktat kończący trzydziestoletnią wojnę 
The operation failed;Operacja zakończyła się niepowodzeniem 
The British defeated the French;Brytyjczycy pokonali Francuzów 
One soldier was wounded in the blast;Wybuch zranił jednego żołnierza 
The explosion happened 10 meters from the checkpoint;Do eksplozji doszło 10 metrów od punktu kontrolnego 
Roadside bombs are the favorite weapons of Taliban;Miny-pułapki to ulubiona broń Talibów 
A car bomb has exploded near a convoy;Samochód-pułapka wybuchł w pobliżu konwoju 
No group said it had carried out Sunday's attack;Żadna z grup nie przyznała się do niedzielnego ataku 
A bomb was deactivated;Bomba została rozbrojona 
They planted a bomb in his car;Podłożyli mu bombę pod samochód 
They took many hostages;Wzięli wielu zakładników 
The extremists refused to negotiate;Ekstremiści nie chcieli negocjować 
They refused to release the hostages;Nie chcieli wypuścić zakładników 
Nineteen terrorists hijacked four airplanes;Dziewiętnastu terrorystów porwało cztery samoloty 
Five hijackers seized control of the plane;Pięciu porywaczy przejęło kontrolę nad samolotem 
Axis of evil;Oś zła 
Militants attacked coalition troops;Bojówkarze atakowali żołnierzy koalicji 
He was sentenced to death for spying;Został skazany na śmierć za szpiegostwo 
He was recruited by KGB;Został zwerbowany przez KGB 
He was a Soviet spy;Był sowieckim szpiegiem 
To establish contact with other spies;Nawiązać kontakt z innymi szpiegami 
He is not a spy;On nie jest szpiegiem 
Russia detains U S embassy worker;Rosja wydaliła pracownika ambasady USA 
President Lech Kaczynski dies in plane crash;Prezydent Lech Kaczyński zginął w katastrofie lotniczej 
A plane has crashed near a airport;Samolot rozbił się w pobliżu lotniska 
The pilots ignored advice from air traffic control;Piloci ignorowali polecenia kontroli ruchu lotniczego 
I saw the plane clip a tree;Widziałam jak samolot zahaczył o drzewo 
The plane came into land;Samolot podchodził do lądowania 
The plane split in two as it hit;Samolot rozpadł się na dwie części 
The plane vanished 50 minutes after taking off;Samolot zniknął z radarów 50 minut po starcie 
The cause of the crash is not yet known;Przyczyna katastrofy nie jest jeszcze znana 
All 153 people on board were killed;Zginęły wszystkie 153 osoby na pokładzie 
The plane vanished from radar screens;Samolot zniknął z ekranów radarów 
The pilot lost control and hit the ground;Pilot stracił kontrolę i uderzył w ziemię 
The plane was more than 27 years old;Samolot miał ponad 27 lat 
Pakistan's worst-ever air disaster;Najgorsza katastrofa lotnicza w historii Pakistanu 
The plane is completely destroyed;Samolot jest doszczętnie zniszczony 
Pilot error was the main cause of the crash;Główną przyczyną katastrofy był błąd pilota 
High doses of radiation;Wysokie dawki promieniowania 
A link between thyroid cancer and radiation;Związek między rakiem tarczycy a promieniowaniem 
A leak of radioactive water;Wyciek wody radioaktywnej 
High level of radiation;Wysoki poziom promieniowania 
Small amounts of plutonium;Małe ilości plutonu 
To jump off the moving train;Wyskoczyć z jadącego pociągu 
Two trains have collided in southern Poland;Dwa pociągi zderzyły się w południowej Polsce 
Train was on the wrong track;Pociąg znajdował się na niewłaściwym torze 
Train was derailed;Pociąg wykoleił się 
Three of the carriages went off the tracks;Trzy wagony wypadły z dorów 
The first wagon was completely destroyed;Pierwszy wagon został całkowicie zniszczony 
A landslide has derailed a train ;Lawina błotna spowodowała wykolejenie się pociągu 
Two commuter trains collide near Halle;Dwa pociągi podmiejskie zderzyły się niedaleko Halle 
We were thrown about for about 15 seconds;Rzucało nami przez około 15 sekund 
We saw dead bodies lying next to the tracks;widzieliśmy zwłoki ofiar leżące przy torach 
A wave swept him over-board;Fala zmiotła go z pokładu 
The situation is getting worse;Sytuacja się pogarsza 
Some of the injured were in a critical condition;Część rannych jest w stanie krytycznym 
People need help;Ludzie potrzebują pomocy 
Nobody knows what happened to his wife;Nikt nie wie co się stało z jego żoną 
Evacuees are being accommodated temporarily in a school;Ewakuowani zostali tymczasowo zakwaterowani w szkole 
For safety reasons;Ze względów bezpieczeństwa 
No damage was reported;Nie odnotowano zniszczeń 
Rescue teams were dispatched on the scene;Na miejsce zostały wysłane ekipy ratunkowe 
Snow hampered rescue efforts;Śnieg utrudniał akcję ratunkową 
Request for aid;Prośba o pomoc 
Turkey had earlier turned down Israel's offer of aid;Turcja wcześniej odrzuciła izraelską ofertę pomocy 
The danger was not over;Niebezpieczeństwo nie minęło 
There are people running crying screaming;Ludzie biegają płaczą i krzyczą 
There is no electricity;Nie ma prądu 
All the phone networks are down;Nie działają telefony 
They can't find their children;Nie mogą znaleźć swoich dzieci 
There are no survivors in that crash;Nikt nie przeżył tej katastrofy 
We are together in the face of this tragedy;Jesteśmy zjednoczeni w obliczu tragedii 
None of us could believe what happened;Żaden z nas nie mógł uwierzyć w to co się stało 
A full list of victims;Pełna lista ofiar 
We heard a huge explosion;Słyszeliśmy potężną eksplozję 
Some children lost their parents to the tragedy;Niektóre dzieci straciły w tragedii swoich rodziców 
The death toll could rise;Liczba ofiar może wzrosnąć 
The devastation is enormous;Zniszczenia są ogromne 
It was a nightmare;To był koszmar 
Evacuation of threatened areas;Ewakuacja zagrożonych obszarów 
Advance warning systems;Zaawansowane systemy ostrzegania 
The hospitals called for people to donate blood;Szpitale apelują do ludzi o oddawanie krwi 
Two people died and 14 were injured;Dwie osoby zginęły a 14 zostało rannych 
Six of the train's 13 cars derailed;Sześć z trzynastu wagonów wykoleiło się 
Three people had died on their way to hospital;Trzy osoby zmarły w drodze do szpitala 
I lost everything;Straciłem wszystko 
Early Warning System;System wczesnego ostrzegania 
I went outside and couldn't believe what I was seeing;Wyszedłem i nie mogłem uwierzyć w to co zobaczyłem 
Many of the injured were taken to hospital;Większość rannych została przewieziona do szpitala 
The number of victims could increase;Liczba ofiar może wzrosnąć 
They survived the shipwreck;Przeżyli katastrofę morską 
The building collapsed like a pack of cards;Budynek runął jak domek z kart 
Rescue efforts continued through the night;Akcja ratunkowa była kontynuowana w nocy 
Most of the victims were construction workers;Większość ofiar to robotnicy budowlani 
No rescue workers had arrived;Ratownicy nie przybyli 
The blast blew the windows out;W wyniku wybuchu z okien powypadały szyby 
Neighbouring buildings have been evacuated;Ewakuowano ludzi z sąsiednich budynków 
We heard a strong explosion;Usłyszeliśmy silny wybuch 
The explosions killed three people;W wyniku eksplozji zginęły trzy osoby 
It was miraculous that nobody was killed;To cud że nikt nie zginął 
Lava was flowing down its slopes;Lawa spływała po zboczu 
Cloud of volcanic ash;Chmura popiołu wulkanicznego 
He lost two brothers in the fire;W pożarze stracił dwóch braci 
About 60 firefighters tackled the fire;Około 60 strażaków walczyło z pożarem/ogniem
The cause of the fire is being investigated;Trwa ustalanie przyczyny pożaru 
The house was gutted by fire;Dom został zniszczony przez ogień 
The flames have consumed about 750 hectares of woodland;Płomienie strawiły około 750 hektarów lasu 
The house is on fire;Dom stoi w płomieniach 
Firefighters are battling a forest fire;Strażacy walczą z pożarem lasu 
Can we predict quakes;Czy możemy przewidzieć trzęsienia ziemi
Predict where and when a earthquake will occur;Przewidzieć gdzie i kiedy nastąpi trzęsienie ziemi 
Quake devastated the city;Trzęsienie ziemi zniszczyło miasto 
There are aftershocks every 15 to 20 minutes;Wstrząsy wtórne występują co 15-20 minut 
The first shock was really strong;Pierwszy wstrząs był naprawdę silny 
People were falling in the streets;Ludzie na ulicach upadali 
The ground began to shake;Ziemia zaczęła się trząść 
The epicentre was only 15 km from the centre of the capital;Epicentrum znajdowało się tylko 15 km od centrum stolicy 
I saw buildings collapse;Widziałem walące się budynki 
The tremor was felt all over the country;Wstrząs był odczuwalny na terenie całego kraju 
Rescue workers pulled a boy out of the rubble;Ratownicy wyciągnęli chłopca spod gruzów 
Hundreds were stuck under rubble;Setki osób są uwięzione pod gruzami 
Earthquakes are common in Iran;Trzęsienia ziemi są normalnym zjawiskiem w Iranie 
The earthquake caused buildings to sway;Budynki kołysały się 
Heavy rains have triggered floods;Ulewne deszcze wywołały powodzie
Fire crews spent the night pumping out the homes;Strażacy przez całą noc wypompowywali wodę z domów 
Major roads were flooded;Główne drogi zostały zalane 
More than 65000 people had to be evacuated;Ponad 65000 osób zostało ewakuowanych 
Water are starting to recede;Woda zaczęła opadać 
Rivers burst their banks;Rzeki wylały z brzegów 
Water-level rose by four metres in three hours;Poziom wody wzrósł o cztery metry w ciągu trzech godzin 
Army engineers blasted a 50m hole in a dyke;Saperzy wysadzili wał tworząc 50-metrową wyrwę 
The floods subsided;Wody opadły 
Journey to flood villages in Peru;Podróż do zalanych peruwiańskich wsi 
The bridge was swept away by the rains;Deszcze zmiotły most 
The strength of the floods overturned cars;Wezbrana woda przewracała samochody 
Cars were washed away;Woda porwała samochody 
The fire was brought under control;Pożar wymknął się spod kontroli 
More than 300 inmates were killed in a prison fire;Ponad 300 skazanych zginęło w pożarze więzienia 
The flames raged for about an hour;Płomienie szalały przez około godzinę 
Dozens of people had looted a supermarket;Dziesiątki ludzi rozszabrowały supermarket 
It was the strongest earthquake for more than 50 years;To było najsilniejsze trzęsienie ziemi od ponad 50 lat 
The earthquake was felt across the region;Trzęsienie ziemi było odczuwalne w całym regionie 
Three people may be trapped in the rubble;Trzy osoby mogą być uwięzione pod gruzami 
The sea was breaking over the beach;Morze wdarło się na plażę 
The waters came up so high;Woda podeszła wysoko 
The sun was down;Słońce zaszło 
The bay was smooth as glass;Zatoka była gładka jak lustro 
The sun had risen again;Słońce znów wstało 
It was about seven o'clock when we were at the top of the hill;Około siódmej stanęliśmy na szczycie wzgórza 
In bed of river there were pebbles and boulders;W łożysku rzeki leżały kamienie i głazy 
The fields were green;Pola były zielone 
Close to the bank I saw deep pools;Przy brzegu widziałem głębokie sadzawki 
On both sides of us stretched plain;Po obu stronach rozpościerała się równina 
The mulberry trees were bare and the fields were brown;Drzewa morwowe stały nagie a pola były bure 
The road went up the valley a long way;Droga przez dłuższy czas biegła doliną 
The sun had set;Słońce już zaszło 
There was a little fog in the air;W powietrzu rozsnuła się mgła 
All night long the tempest grew fiercer;Przez całą noc sztorm przybierał na sile 
The wind blew fiercest about five in the morning;Wiatr dął najsilniej około piątej rano 
The storm did a lot of damage;Burza wyrządziła dużo szkód 
The wind became stronger;Wiatr nabrał na sile 
The wind blew the smoke away;Wiatr odwiał dym 
The days were lengthening fast;Dnia szybko przybywało 
The morning was bright enough;Ranek był pogodny 
There was not the feeling of a storm coming;Nie czuło się że nadciąga burza 
I saw a cloud coming over the mountain;Zauważyłem chmurę wysuwającą się zza gór 
The sun went a dull yellow;Słońce pożółkło i zmatowiało 
Sky was covered;Niebo się zaciągnęło 
It was warm and like the spring;Było ciepło i wiosennie 
I saw the sun coming through the window;Zobaczyłem słońce wpadające przez okno 
Outside the window it was a lovely spring morning;Na dworze był piękny wiosenny poranek 
It had been raining in the mountains;W górach padały deszcze 
It was cold and the drops hung to the branches;Było zimno i krople zwisały z gałęzi 
It was starting to rain again;Znowu zaczęło padać 
The night was getting cold;Noc robiła się chłodna 
The rain had stopped falling;Deszcz przestał padać 
The rain was slacking;Deszcz ustawał 
The sky had clouded over again;Niebo znowu się zachmurzyło 
The sun was almost out from behind the clouds;Słońce już prawie wyszło zza chmur 
The sun was going down and the day was cooling off;Słońce już zachodziło i robiło się chłodniej 
The wind drove down the rain;Wiatr zacinał deszczem 
The wind rose in the night;W nocy zerwał się wiatr 
They were wet to the skin and all were scared;Wszyscy byli przemoczeni do suchej nitki i wystraszeni 
What kind of tree is this;Co to za drzewo
She climbed up a tree;Wspięła się na drzewo 
The trees were green with buds;Drzewa zieleniły się już pąkami
Trunks of trees were dusty;Pnie drzew pokryte były kurzem 
Leaves fell early that year;Liście opadały wcześnie tego roku 
Forest of oak trees;Las dębowy 
The trees along the road had small leaves;Drzewa rosnące wokół drogi wypuściły małe listki 
The trees were dripping in the rain;Drzewa ociekały wodą 
The wind blew the leaves;Wiatr poruszał liśćmi 
There was a mist in the trees;Drzewa były spowite mgłą 
There were trees along both sides of the road;Po obu stronach drogi rosły drzewa 
There were wet dead leaves on the road;Na drodze leżały mokre zwiędłe liście 
The evening wore on;Wieczór mija 
I will time you;Zmierzę ci czas 
All in good time;Wszystko w swoim czasie 
Race against time;Wyścig z czasem 
Time is money;Czas to pieniądz 
Time is up;Czas minął 
He's ahead of his times;Wyprzedził swoją epokę 
Shortly before nine o'clock;Tuż przed dziewiątą 
Many years passed;Minęło wiele lat 
No one knows when the first calendar was developed;Nikt nie wie kiedy stworzono pierwszy kalendarz 
We remember the past;Pamiętamy przeszłość 
We do not know the future;Nie znamy przyszłości 
There's a time and a place for everything;Wszystko ma swój czas i miejsce 
Why this day of all others;Dlaczego akurat dzisiaj
It has turned two o'clock;Minęła druga godzina 
It was past one;Było po pierwszej 
It's coming up to ten o'clock;Zbliża się godzina dziesiąta 
Don't wait any longer;Nie czekaj już dłużej 
He was born at the turn of the century;Urodził się na przełomie wieków 
He was here just now;Przed chwilą tutaj był 
The future is dark;Przyszłość maluje się w ciemnych barwach 
We knew it was all over for that year;Wiedzieliśmy że to już koniec na ten rok 
Several hours later;Kilka godzin później 
That takes more time;Na to trzeba więcej czasu 
It must have been late in October;Musiał to być koniec października 
I have forgotten the exact date;Nie pamiętam dokładnej daty 
In a minute there were none left in the church;W jednej chwili kościół opustoszał 
It must have been past four o'clock in the afternoon;Musiało być już po szesnastej 
The clock in the tower struck midnight;Zegar na wieży wybił północ 
One evening in March;Pewnego marcowego wieczoru 
Once in five years;Raz na pięć lat 
A few minutes more;Jeszcze kilka minut 
We had not long to wait;Nie musieliśmy długo czekać 
All around the place;Wszędzie dookoła 
Near the border with Canada;W pobliżu granicy z Kanadą 
It's broader by a metre;Jest szerszy o metr 
The village of Moonfleet lies half a mile from the sea;Wieś Moonflet leży pół mili od morza 
On the right or west bank of the Fleet stream;Na prawym czyli zachodnim brzegu rzeczki Fleet 
The passage was two paces broad;Korytarz miał dwa kroki szerokości 
She paced out the distance;Krokami odmierzyła odległość 
He lay there motionless;Leżał tam bez ruchu 
She rushed by me;Przemknęła obok mnie 
They ran back;Pobiegli z powrotem 
He walked away slowly;Odszedł powoli 
We walked for miles;Szliśmy wiele mil 
The priest shook his head and went on;Kapelan pokręcił głową i ruszył dalej 
He folded his hands over his knee;Zaplótł ręce na kolanie 
I went along the narrow road down toward the river;Pojechałem wąską drogą ku rzece
I don’t think we are going far;Myślę że nie zajedziemy daleko 
They both started to run;Obaj zaczęli biec 
We went up the ladder;Weszliśmy na górę po drabinie 
We were walking fast;Szliśmy szybko 
I was off across the meadows towards the church;Ruszyłem przez łąki w stronę kościoła 
He gave himself a little strut in walking;Chodząc unosił się na palcach 
She could beat most of us boys at speed;Biegała szybciej niż wielu chłopców
In the still of night;W ciszy nocy 
Some of the wounded were noisy but most were quiet;Niektórzy ranni krzyczeli ale większość była cicho 
I heard a rumbling and crumbling;Usłyszałem szmery i łoskoty 
The grass sounded crisp under my feet;Trawa trzeszczała pod moimi stopami 
The awful stillness of the vault was broken;Przerażająca cisza krypty została zakłócona 
I could hear a murmur of distant voices;Słyszałem szmer oddalających się głosów 
The echo of my own voice;Echo mojego własnego głosu 
The silence palled upon me;Nie mogłem wytrzymać tej dręczącej ciszy 
All was still so that one heard the browsing horses;Panowała cisza słychać było tylko chrobotanie koni 
He has became pale;Zbladł 
The deep blue of the night given way to a misty grey;Ciemny granat nocy stał się mglisto szary 
The night was greyer;Noc już poszarzała 
All were of one pearly grey colour;Wszystko było perłowoszare 
It is already dark;Już jest ciemno 
It's getting dark;Ściemnia się 
Let there be light;Niech rozbłyśnie światło 
The sunshine came streaming into the room;Promienie słońca wpadały do pokoju 
The light showed through the door;Światło przedzierało się przez drzwi 
The light was fading;Ściemniało się 
There was a shadow from his hand on the wall;Cień jego ręki padł na ścianę 
I saw the sun coming through the window;Zobaczyłem słońce wpadające przez okno 
It was dark outside;Na dworze było ciemno 
It was nearly dark;Było już prawie ciemno 
Outside it was getting dark;Na dworze zmierzchało się 
The moon shone very brightly on the lagoon;Księżyc bardzo jasno błyszczy na lagunie 
The light began to fail;Zapadał zmierzch 
The darkness grew;Mrok zgęstniał 
I saw from the red glow behind the curtains;Dostrzegłem czerwony odblask na zasłonach 
I saw a blue flare in the bows;Ujrzałem błysk niebieskiego światła na dziobie łodzi 
I had put out the candle;Zgasiłem świecę 
The candle flickered;Świeca zamigotała 
I could see the faintest line of light;Dojrzałem cieniutką linię światła 
The sun was setting for another night;Słońce zachodzi na następną noc 
The glimmering streak of light had faded;Smużka jasności pobladła 
The awful blackness was creeping up again;Znów się wkrada straszliwy mrok 
It was getting dusk;Zapadał zmierzch 
The flame grew pale and paler;Płomień bladł coraz bardziej 
The candle burnt low;Świeca już się dopalała 
At midnight we go to the ball;O północy idziemy na bal
The royal castle is salmon colored;Zamek królewski jest łososiowego koloru
The pilot mastered the plane and landed unhindered;Pilot opanował samolot i wylądował bez przeszkód
The woman goes to the doctor and the doctor also is a woman;Idzie baba do lekarza a lekarz też baba
The fruit mousse was on sale;Mus owocowy był na przecenie
Thank you in advance;Dziękuję Ci z góry
Ala put a chain on the Christmas tree;Ala założyła łańcuch na choinkę
Pomegranate has a lot of vitamin C;Granat ma dużo witaminy C
The soldier threw a granade;Żołnierz rzucił granat
Granade is a dangerous weapon;Granat to niebezpieczna broń
I used the remote to turn on the TV;Użyłem pilota aby włączyć telewizor
Must is a must;Mus to mus
The lock snapped shut;Zamek mi się zatrzasnął
Thank you in advance;Dziękuję Ci z góry
Thank you;Dziękuję
I''ll pay in advance;Zapłacę z góry
I want to eat an apple;Mam ochotę zjeść jabłko
I want to eat a pear;Mam ochotę zjeść gruszkę
My favourite fruit is pomegranate fruit;Mój ulubiony owoc to granat
Royal castle is of color blue;Zamek królewski jest koloru błękitnego
Brick is of color salmon;Cegła jest koloru łososiowego
Ala likes singing ;Ala lubi śpiewać
Nobody likes welding;Nikt nie lubi spawać
This must be a must;Mus to mus
I used a granade to exit;Użyłem granatu aby wyjść
She shot to kill;Strzeliła aby zabić
The woman goes to the doctor and the doctor also is a woman;Idzie baba do lekarza a lekarz też baba
Woman paid for the drugs;Baba zapłaciła za leki
Mother died;Matka zmarła
He was 11 years old;Miał 11 lat
he believed;Uwierzył
He is a black sheep in the family;Jest czarną owcą w rodzinie
Atfter that night there was nothing;Po tamtej nocy nic już nie było
Nothing was the same;Nic już nie było takie same
10 years age;10 lat temu
There was nearly nothing here;Nie było tu prawie nic
She is the only one to know the hsitory;Tylko ona zna historię
tego pokoju;this room
wie co stało za drzwiami;knows what stood behind the door
I read about her in newspaper;Czytałem o niej w gazecie
She loved going to the cinema;Kochała chodzić do kina
She was an actress;Była aktorką
w miejscowym teatrze;In the local theatre
Mój stary to fanatyk;My dad isa freak
Fanatyk wędkarstwa;freak of fishing
Half of flat filled with fishing rods;Pół mieszkania wypełnione wędkami
Worst;Najgorzej
On average;Średnio
once a month;raz w miesiącu
somebody will step onto;ktoś wpednie
lying on the floor;leżący na podłodze
hook or anchor;haczyk czy kotwicę
one has to pull off;trzeba wyciągać
in the hospital;w szpitalu
After world war 2;Po drugiej wojnie światowej
the country was destroyed;kraj był zniszczony
It splitted into two parts;Rozpadł się na dwie części
Some people fled abroad;Część ludzi uciekła za granicę
